GRCODE,GRNAME,AccidentYear,DevelopmentYear,DevelopmentLag,IncurredLosses,CumPaidLoss,BulkLoss,EarnedPremDIR,EarnedPremCeded,EarnedPremNet,Single,PostedReserves2007,IncrementalPaid
38733,Alaska Nat Ins Co,1998,2000,3,72,7,65,233,27,206,1,2130.728,7.0
38733,Alaska Nat Ins Co,1999,2000,2,136,2,80,226,27,199,1,2130.728,2.0
38733,Alaska Nat Ins Co,1999,2001,3,85,20,65,226,27,199,1,2130.728,18.0
38733,Alaska Nat Ins Co,1999,2002,4,69,21,48,226,27,199,1,2130.728,1.0
38733,Alaska Nat Ins Co,2000,2008,9,12,0,12,184,23,161,1,2130.728,1.0
38733,Alaska Nat Ins Co,2001,2001,1,445,9,95,213,37,176,1,2130.728,9.0
38733,Alaska Nat Ins Co,2001,2002,2,430,15,80,213,37,176,1,2130.728,6.0
38733,Alaska Nat Ins Co,2002,2005,4,442,44,67,209,39,170,1,2130.728,44.0
38733,Alaska Nat Ins Co,2002,2006,5,572,172,58,209,39,170,1,2130.728,128.0
38733,Alaska Nat Ins Co,2002,2007,6,660,618,42,209,39,170,1,2130.728,446.0
38733,Alaska Nat Ins Co,2003,2004,2,249,21,80,182,35,147,1,2130.728,21.0
38733,Alaska Nat Ins Co,2003,2008,6,42,6,36,182,35,147,1,2130.728,1.0
38733,Alaska Nat Ins Co,2004,2005,2,350,8,172,305,20,285,1,2130.728,8.0
38733,Alaska Nat Ins Co,2004,2008,5,100,7,93,305,20,285,1,2130.728,6.0
38733,Alaska Nat Ins Co,2005,2005,1,1126,14,860,1386,64,1322,1,2130.728,14.0
38733,Alaska Nat Ins Co,2005,2006,2,827,33,794,1386,64,1322,1,2130.728,19.0
38733,Alaska Nat Ins Co,2005,2008,4,560,31,529,1386,64,1322,1,2130.728,8.0
38733,Alaska Nat Ins Co,2006,2006,1,525,18,507,785,34,751,1,2130.728,18.0
38733,Alaska Nat Ins Co,2006,2008,3,436,47,389,785,34,751,1,2130.728,47.0
38733,Alaska Nat Ins Co,2006,2009,4,359,48,311,785,34,751,1,2130.728,1.0
38733,Alaska Nat Ins Co,2007,2007,1,592,11,311,503,14,489,1,2130.728,11.0
86,Allstate Ins Co Grp,1998,1998,1,1775,404,820,5141,0,5141,0,1411339.651,404.0
86,Allstate Ins Co Grp,1998,1999,2,1754,1050,357,5141,0,5141,0,1411339.651,646.0
86,Allstate Ins Co Grp,1998,2000,3,2234,1591,268,5141,0,5141,0,1411339.651,541.0
86,Allstate Ins Co Grp,1998,2001,4,2758,2041,196,5141,0,5141,0,1411339.651,450.0
86,Allstate Ins Co Grp,1998,2002,5,3116,2627,293,5141,0,5141,0,1411339.651,586.0
86,Allstate Ins Co Grp,1998,2003,6,3113,2692,255,5141,0,5141,0,1411339.651,65.0
86,Allstate Ins Co Grp,1998,2004,7,3467,2835,292,5141,0,5141,0,1411339.651,143.0
86,Allstate Ins Co Grp,1998,2005,8,3455,3086,276,5141,0,5141,0,1411339.651,251.0
86,Allstate Ins Co Grp,1998,2006,9,3662,3235,199,5141,0,5141,0,1411339.651,149.0
86,Allstate Ins Co Grp,1998,2007,10,3782,3385,284,5141,0,5141,0,1411339.651,150.0
86,Allstate Ins Co Grp,1999,1999,1,2103,473,994,5288,-1746,7034,0,1411339.651,473.0
86,Allstate Ins Co Grp,1999,2000,2,2371,889,315,5288,-1746,7034,0,1411339.651,416.0
86,Allstate Ins Co Grp,1999,2001,3,3544,1461,529,5288,-1746,7034,0,1411339.651,572.0
86,Allstate Ins Co Grp,1999,2002,4,3527,2388,170,5288,-1746,7034,0,1411339.651,927.0
86,Allstate Ins Co Grp,1999,2003,5,3863,2728,150,5288,-1746,7034,0,1411339.651,340.0
86,Allstate Ins Co Grp,1999,2004,6,4214,3173,229,5288,-1746,7034,0,1411339.651,445.0
86,Allstate Ins Co Grp,1999,2005,7,4721,3730,307,5288,-1746,7034,0,1411339.651,557.0
86,Allstate Ins Co Grp,1999,2006,8,4189,3755,249,5288,-1746,7034,0,1411339.651,25.0
86,Allstate Ins Co Grp,1999,2007,9,4583,3933,271,5288,-1746,7034,0,1411339.651,178.0
86,Allstate Ins Co Grp,1999,2008,10,4869,4075,351,5288,-1746,7034,0,1411339.651,142.0
86,Allstate Ins Co Grp,2000,2000,1,3316,335,1757,5049,-706,5755,0,1411339.651,335.0
86,Allstate Ins Co Grp,2000,2001,2,2375,1197,653,5049,-706,5755,0,1411339.651,862.0
86,Allstate Ins Co Grp,2000,2002,3,2323,1421,276,5049,-706,5755,0,1411339.651,224.0
86,Allstate Ins Co Grp,2000,2003,4,3237,1751,247,5049,-706,5755,0,1411339.651,330.0
86,Allstate Ins Co Grp,2000,2004,5,3400,1827,341,5049,-706,5755,0,1411339.651,76.0
86,Allstate Ins Co Grp,2000,2005,6,4030,2048,495,5049,-706,5755,0,1411339.651,221.0
86,Allstate Ins Co Grp,2000,2006,7,4481,2942,389,5049,-706,5755,0,1411339.651,894.0
86,Allstate Ins Co Grp,2000,2007,8,4822,4171,475,5049,-706,5755,0,1411339.651,1229.0
86,Allstate Ins Co Grp,2000,2008,9,4810,4255,396,5049,-706,5755,0,1411339.651,84.0
86,Allstate Ins Co Grp,2000,2009,10,5001,4452,354,5049,-706,5755,0,1411339.651,197.0
86,Allstate Ins Co Grp,2001,2001,1,1748,301,979,4043,0,4043,0,1411339.651,301.0
86,Allstate Ins Co Grp,2001,2002,2,1770,600,645,4043,0,4043,0,1411339.651,299.0
86,Allstate Ins Co Grp,2001,2003,3,2120,1074,430,4043,0,4043,0,1411339.651,474.0
86,Allstate Ins Co Grp,2001,2004,4,2631,1660,454,4043,0,4043,0,1411339.651,586.0
86,Allstate Ins Co Grp,2001,2005,5,2756,2073,431,4043,0,4043,0,1411339.651,413.0
86,Allstate Ins Co Grp,2001,2006,6,3442,2362,293,4043,0,4043,0,1411339.651,289.0
86,Allstate Ins Co Grp,2001,2007,7,4363,3917,413,4043,0,4043,0,1411339.651,1555.0
86,Allstate Ins Co Grp,2001,2008,8,4542,3941,325,4043,0,4043,0,1411339.651,24.0
86,Allstate Ins Co Grp,2001,2009,9,4882,4458,344,4043,0,4043,0,1411339.651,517.0
86,Allstate Ins Co Grp,2001,2010,10,5242,4481,369,4043,0,4043,0,1411339.651,23.0
86,Allstate Ins Co Grp,2002,2002,1,2382,262,956,3284,-19,3303,0,1411339.651,262.0
86,Allstate Ins Co Grp,2002,2003,2,2333,540,595,3284,-19,3303,0,1411339.651,278.0
86,Allstate Ins Co Grp,2002,2004,3,2414,718,557,3284,-19,3303,0,1411339.651,178.0
86,Allstate Ins Co Grp,2002,2005,4,2813,1175,535,3284,-19,3303,0,1411339.651,457.0
86,Allstate Ins Co Grp,2002,2006,5,2716,2285,415,3284,-19,3303,0,1411339.651,1110.0
86,Allstate Ins Co Grp,2002,2007,6,2674,2314,318,3284,-19,3303,0,1411339.651,29.0
86,Allstate Ins Co Grp,2002,2008,7,2666,2354,281,3284,-19,3303,0,1411339.651,40.0
86,Allstate Ins Co Grp,2002,2009,8,2796,2431,286,3284,-19,3303,0,1411339.651,77.0
86,Allstate Ins Co Grp,2002,2010,9,3173,2683,325,3284,-19,3303,0,1411339.651,252.0
86,Allstate Ins Co Grp,2002,2011,10,2902,2791,41,3284,-19,3303,0,1411339.651,108.0
86,Allstate Ins Co Grp,2003,2003,1,1629,162,1128,5446,0,5446,0,1411339.651,162.0
86,Allstate Ins Co Grp,2003,2004,2,2661,1611,671,5446,0,5446,0,1411339.651,1449.0
86,Allstate Ins Co Grp,2003,2005,3,2654,1730,599,5446,0,5446,0,1411339.651,119.0
86,Allstate Ins Co Grp,2003,2006,4,2878,2104,507,5446,0,5446,0,1411339.651,374.0
86,Allstate Ins Co Grp,2003,2007,5,2680,2202,411,5446,0,5446,0,1411339.651,98.0
86,Allstate Ins Co Grp,2003,2008,6,2577,2228,333,5446,0,5446,0,1411339.651,26.0
86,Allstate Ins Co Grp,2003,2009,7,2525,2239,272,5446,0,5446,0,1411339.651,11.0
86,Allstate Ins Co Grp,2003,2010,8,2561,2242,307,5446,0,5446,0,1411339.651,3.0
86,Allstate Ins Co Grp,2003,2011,9,2357,2243,103,5446,0,5446,0,1411339.651,1.0
86,Allstate Ins Co Grp,2003,2012,10,2418,2248,92,5446,0,5446,0,1411339.651,5.0
86,Allstate Ins Co Grp,2004,2004,1,1586,217,1175,3465,0,3465,0,1411339.651,217.0
86,Allstate Ins Co Grp,2004,2005,2,1252,412,789,3465,0,3465,0,1411339.651,195.0
86,Allstate Ins Co Grp,2004,2006,3,1101,468,633,3465,0,3465,0,1411339.651,56.0
86,Allstate Ins Co Grp,2004,2007,4,906,481,423,3465,0,3465,0,1411339.651,13.0
86,Allstate Ins Co Grp,2004,2008,5,845,489,328,3465,0,3465,0,1411339.651,8.0
86,Allstate Ins Co Grp,2004,2009,6,889,525,341,3465,0,3465,0,1411339.651,36.0
86,Allstate Ins Co Grp,2004,2010,7,848,531,282,3465,0,3465,0,1411339.651,6.0
86,Allstate Ins Co Grp,2004,2011,8,648,551,85,3465,0,3465,0,1411339.651,20.0
86,Allstate Ins Co Grp,2004,2012,9,673,564,110,3465,0,3465,0,1411339.651,13.0
86,Allstate Ins Co Grp,2005,2005,1,1672,127,1298,133,-4,137,0,1411339.651,127.0
86,Allstate Ins Co Grp,2005,2006,2,1655,372,760,133,-4,137,0,1411339.651,245.0
86,Allstate Ins Co Grp,2005,2007,3,1717,719,551,133,-4,137,0,1411339.651,347.0
86,Allstate Ins Co Grp,2005,2008,4,2980,1974,538,133,-4,137,0,1411339.651,1255.0
86,Allstate Ins Co Grp,2005,2009,5,3786,2188,520,133,-4,137,0,1411339.651,214.0
86,Allstate Ins Co Grp,2005,2010,6,3647,3290,307,133,-4,137,0,1411339.651,1102.0
86,Allstate Ins Co Grp,2005,2011,7,3533,3324,199,133,-4,137,0,1411339.651,34.0
86,Allstate Ins Co Grp,2005,2012,8,3609,3417,191,133,-4,137,0,1411339.651,93.0
86,Allstate Ins Co Grp,2006,2006,1,1386,189,955,3373,320,3053,0,1411339.651,189.0
86,Allstate Ins Co Grp,2006,2007,2,1372,412,654,3373,320,3053,0,1411339.651,223.0
86,Allstate Ins Co Grp,2006,2008,3,1641,826,741,3373,320,3053,0,1411339.651,414.0
86,Allstate Ins Co Grp,2006,2009,4,1751,920,691,3373,320,3053,0,1411339.651,94.0
86,Allstate Ins Co Grp,2006,2010,5,1434,957,328,3373,320,3053,0,1411339.651,37.0
86,Allstate Ins Co Grp,2006,2011,6,1668,1407,232,3373,320,3053,0,1411339.651,450.0
86,Allstate Ins Co Grp,2006,2012,7,1753,1441,221,3373,320,3053,0,1411339.651,34.0
86,Allstate Ins Co Grp,2006,2013,8,1660,1459,201,3373,320,3053,0,1411339.651,18.0
86,Allstate Ins Co Grp,2006,2015,10,1534,1461,73,3373,320,3053,0,1411339.651,3.0
86,Allstate Ins Co Grp,2007,2007,1,1100,164,891,2050,13,2037,0,1411339.651,164.0
86,Allstate Ins Co Grp,2007,2008,2,987,222,720,2050,13,2037,0,1411339.651,58.0
86,Allstate Ins Co Grp,2007,2009,3,1487,248,678,2050,13,2037,0,1411339.651,26.0
86,Allstate Ins Co Grp,2007,2010,4,1336,823,464,2050,13,2037,0,1411339.651,575.0
86,Allstate Ins Co Grp,2007,2011,5,1497,831,641,2050,13,2037,0,1411339.651,8.0
86,Allstate Ins Co Grp,2007,2013,7,1262,832,403,2050,13,2037,0,1411339.651,1.0
86,Allstate Ins Co Grp,2007,2014,8,1204,833,350,2050,13,2037,0,1411339.651,1.0
86,Allstate Ins Co Grp,2007,2015,9,945,834,93,2050,13,2037,0,1411339.651,1.0
9571,American Re Grp,1998,2006,9,42,42,0,1,0,1,0,34150.505,42.0
9571,American Re Grp,1999,2008,10,-5876,-5878,2,6,1,5,0,34150.505,1.0
9571,American Re Grp,2000,2006,7,5053,5053,0,6,3,3,0,34150.505,5053.0
9571,American Re Grp,2001,2006,6,831,831,0,5,-16,21,0,34150.505,831.0
9571,American Re Grp,2001,2007,7,832,833,0,5,-16,21,0,34150.505,2.0
9571,American Re Grp,2001,2010,10,804,804,0,5,-16,21,0,34150.505,12.0
9571,American Re Grp,2002,2006,5,7937,7391,-36,2,-21,23,0,34150.505,7391.0
9571,American Re Grp,2002,2009,8,6420,1598,4415,2,-21,23,0,34150.505,72.0
9571,American Re Grp,2002,2010,9,4192,1737,2372,2,-21,23,0,34150.505,139.0
9571,American Re Grp,2002,2011,10,2028,1756,-5,2,-21,23,0,34150.505,19.0
9571,American Re Grp,2003,2006,4,3770,616,2710,1,0,1,0,34150.505,616.0
9571,American Re Grp,2003,2007,5,1894,1506,-82,1,0,1,0,34150.505,890.0
9571,American Re Grp,2003,2008,6,3372,3089,-453,1,0,1,0,34150.505,1583.0
9571,American Re Grp,2003,2010,8,1274,-85,34,1,0,1,0,34150.505,567.0
9571,American Re Grp,2003,2012,10,3865,-353,417,1,0,1,0,34150.505,366.0
9571,American Re Grp,2004,2006,3,5190,967,3076,54,51,3,0,34150.505,967.0
9571,American Re Grp,2004,2007,4,8623,2129,4859,54,51,3,0,34150.505,1162.0
9571,American Re Grp,2004,2008,5,8256,3302,3571,54,51,3,0,34150.505,1173.0
9571,American Re Grp,2004,2010,7,6600,4157,2656,54,51,3,0,34150.505,1512.0
9571,American Re Grp,2004,2011,8,5310,4601,540,54,51,3,0,34150.505,444.0
9571,American Re Grp,2004,2012,9,8892,4760,3954,54,51,3,0,34150.505,159.0
9571,American Re Grp,2004,2013,10,5868,4822,723,54,51,3,0,34150.505,62.0
9571,American Re Grp,2005,2006,2,5245,137,4314,72,68,4,0,34150.505,137.0
9571,American Re Grp,2005,2007,3,6837,703,5204,72,68,4,0,34150.505,566.0
9571,American Re Grp,2005,2008,4,7479,2034,3989,72,68,4,0,34150.505,1331.0
9571,American Re Grp,2005,2010,6,9401,4471,4352,72,68,4,0,34150.505,2896.0
9571,American Re Grp,2005,2011,7,6326,4478,1327,72,68,4,0,34150.505,7.0
9571,American Re Grp,2005,2012,8,8579,4978,3013,72,68,4,0,34150.505,500.0
9571,American Re Grp,2005,2013,9,6287,5313,433,72,68,4,0,34150.505,335.0
9571,American Re Grp,2005,2014,10,5929,5420,307,72,68,4,0,34150.505,107.0
9571,American Re Grp,2006,2006,1,4657,125,4371,20890,5260,15630,0,34150.505,125.0
9571,American Re Grp,2006,2007,2,3174,550,2022,20890,5260,15630,0,34150.505,425.0
9571,American Re Grp,2006,2008,3,2391,977,324,20890,5260,15630,0,34150.505,427.0
9571,American Re Grp,2006,2009,4,1651,2001,-1359,20890,5260,15630,0,34150.505,1024.0
9571,American Re Grp,2006,2010,5,3456,2880,-638,20890,5260,15630,0,34150.505,879.0
9571,American Re Grp,2006,2012,7,9869,4766,3907,20890,5260,15630,0,34150.505,2674.0
9571,American Re Grp,2006,2013,8,6654,5768,597,20890,5260,15630,0,34150.505,1002.0
9571,American Re Grp,2007,2007,1,15918,453,14686,35461,8656,26804,0,34150.505,453.0
9571,American Re Grp,2007,2008,2,11327,919,9496,35461,8656,26804,0,34150.505,466.0
9571,American Re Grp,2007,2009,3,11665,1325,8546,35461,8656,26804,0,34150.505,406.0
9571,American Re Grp,2007,2010,4,13032,3556,8096,35461,8656,26804,0,34150.505,2231.0
9571,American Re Grp,2007,2011,5,11353,4810,5167,35461,8656,26804,0,34150.505,1254.0
9571,American Re Grp,2007,2012,6,13944,9363,2806,35461,8656,26804,0,34150.505,4553.0
9571,American Re Grp,2007,2015,9,10193,8959,599,35461,8656,26804,0,34150.505,484.0
9571,American Re Grp,2007,2016,10,9648,9132,329,35461,8656,26804,0,34150.505,173.0
10308,Antilles Ins Co,2000,2002,3,3,3,0,185,45,140,1,188.96,3.0
10308,Antilles Ins Co,2000,2003,4,10,10,0,185,45,140,1,188.96,7.0
10308,Antilles Ins Co,2001,2001,1,207,1,180,202,51,151,1,188.96,1.0
10308,Antilles Ins Co,2001,2002,2,59,14,0,202,51,151,1,188.96,13.0
10308,Antilles Ins Co,2001,2003,3,101,32,0,202,51,151,1,188.96,18.0
10308,Antilles Ins Co,2001,2004,4,83,73,0,202,51,151,1,188.96,41.0
10308,Antilles Ins Co,2001,2005,5,87,77,0,202,51,151,1,188.96,4.0
10308,Antilles Ins Co,2001,2006,6,88,78,0,202,51,151,1,188.96,1.0
10308,Antilles Ins Co,2001,2007,7,82,82,0,202,51,151,1,188.96,4.0
10308,Antilles Ins Co,2002,2002,1,227,9,180,183,48,135,1,188.96,9.0
10308,Antilles Ins Co,2002,2003,2,32,12,0,183,48,135,1,188.96,3.0
10308,Antilles Ins Co,2002,2004,3,15,15,0,183,48,135,1,188.96,3.0
10308,Antilles Ins Co,2003,2004,2,14,4,0,195,57,138,1,188.96,4.0
10308,Antilles Ins Co,2003,2005,3,14,14,0,195,57,138,1,188.96,10.0
10308,Antilles Ins Co,2003,2006,4,28,18,0,195,57,138,1,188.96,4.0
10308,Antilles Ins Co,2003,2007,5,27,27,0,195,57,138,1,188.96,9.0
10308,Antilles Ins Co,2004,2004,1,281,8,180,172,45,127,1,188.96,8.0
10308,Antilles Ins Co,2004,2005,2,155,73,0,172,45,127,1,188.96,65.0
10308,Antilles Ins Co,2004,2006,3,179,82,0,172,45,127,1,188.96,9.0
10308,Antilles Ins Co,2004,2007,4,183,96,0,172,45,127,1,188.96,14.0
10308,Antilles Ins Co,2004,2008,5,98,98,0,172,45,127,1,188.96,2.0
10308,Antilles Ins Co,2005,2005,1,204,6,180,164,36,128,1,188.96,6.0
10308,Antilles Ins Co,2005,2006,2,58,18,0,164,36,128,1,188.96,12.0
10308,Antilles Ins Co,2005,2007,3,40,40,0,164,36,128,1,188.96,22.0
10308,Antilles Ins Co,2006,2006,1,113,43,0,135,29,106,1,188.96,43.0
10308,Antilles Ins Co,2006,2007,2,94,44,0,135,29,106,1,188.96,1.0
10308,Antilles Ins Co,2006,2008,3,45,45,0,135,29,106,1,188.96,1.0
10308,Antilles Ins Co,2007,2007,1,54,2,0,146,33,113,1,188.96,2.0
10308,Antilles Ins Co,2007,2008,2,13,13,0,146,33,113,1,188.96,11.0
248,Atlantic Mut Grp,1998,1998,1,556,34,310,570,22,548,0,2379.499,34.0
248,Atlantic Mut Grp,1998,1999,2,747,83,97,570,22,548,0,2379.499,49.0
248,Atlantic Mut Grp,1998,2000,3,960,93,46,570,22,548,0,2379.499,10.0
248,Atlantic Mut Grp,1998,2001,4,1906,605,30,570,22,548,0,2379.499,512.0
248,Atlantic Mut Grp,1998,2002,5,1241,1116,46,570,22,548,0,2379.499,511.0
248,Atlantic Mut Grp,1998,2003,6,1339,1261,73,570,22,548,0,2379.499,145.0
248,Atlantic Mut Grp,1999,1999,1,1006,533,351,1795,1065,730,0,2379.499,533.0
248,Atlantic Mut Grp,1999,2000,2,1474,766,63,1795,1065,730,0,2379.499,233.0
248,Atlantic Mut Grp,1999,2001,3,2972,2044,122,1795,1065,730,0,2379.499,1278.0
248,Atlantic Mut Grp,1999,2002,4,2845,2522,93,1795,1065,730,0,2379.499,478.0
248,Atlantic Mut Grp,1999,2003,5,2724,2580,70,1795,1065,730,0,2379.499,58.0
248,Atlantic Mut Grp,1999,2004,6,2706,2659,32,1795,1065,730,0,2379.499,79.0
248,Atlantic Mut Grp,1999,2005,7,2713,2674,36,1795,1065,730,0,2379.499,15.0
248,Atlantic Mut Grp,1999,2006,8,2790,2696,91,1795,1065,730,0,2379.499,22.0
248,Atlantic Mut Grp,1999,2007,9,2814,2728,40,1795,1065,730,0,2379.499,32.0
248,Atlantic Mut Grp,1999,2008,10,2866,2839,30,1795,1065,730,0,2379.499,111.0
248,Atlantic Mut Grp,2000,2000,1,386,25,255,789,19,770,0,2379.499,25.0
248,Atlantic Mut Grp,2000,2001,2,306,104,147,789,19,770,0,2379.499,79.0
248,Atlantic Mut Grp,2000,2002,3,416,134,58,789,19,770,0,2379.499,30.0
248,Atlantic Mut Grp,2000,2003,4,704,418,187,789,19,770,0,2379.499,284.0
248,Atlantic Mut Grp,2000,2004,5,623,455,49,789,19,770,0,2379.499,37.0
248,Atlantic Mut Grp,2000,2005,6,767,501,30,789,19,770,0,2379.499,46.0
248,Atlantic Mut Grp,2000,2007,8,760,507,28,789,19,770,0,2379.499,11.0
248,Atlantic Mut Grp,2000,2008,9,655,520,20,789,19,770,0,2379.499,13.0
248,Atlantic Mut Grp,2000,2009,10,662,534,17,789,19,770,0,2379.499,14.0
12260,Campmed Cas & Ind Co Inc MD,1998,1998,1,574,1,558,1316,0,1316,1,4616.621,1.0
12260,Campmed Cas & Ind Co Inc MD,1998,1999,2,278,18,196,1316,0,1316,1,4616.621,17.0
12260,Campmed Cas & Ind Co Inc MD,1998,2000,3,277,86,100,1316,0,1316,1,4616.621,68.0
12260,Campmed Cas & Ind Co Inc MD,1998,2001,4,296,141,56,1316,0,1316,1,4616.621,55.0
12260,Campmed Cas & Ind Co Inc MD,1998,2003,6,496,325,114,1316,0,1316,1,4616.621,184.0
12260,Campmed Cas & Ind Co Inc MD,1998,2004,7,405,347,6,1316,0,1316,1,4616.621,22.0
12260,Campmed Cas & Ind Co Inc MD,1998,2005,8,401,349,0,1316,0,1316,1,4616.621,2.0
12260,Campmed Cas & Ind Co Inc MD,1999,2000,2,294,28,223,1104,0,1104,1,4616.621,28.0
12260,Campmed Cas & Ind Co Inc MD,1999,2001,3,224,50,83,1104,0,1104,1,4616.621,22.0
12260,Campmed Cas & Ind Co Inc MD,1999,2003,5,238,51,84,1104,0,1104,1,4616.621,1.0
12260,Campmed Cas & Ind Co Inc MD,1999,2004,6,376,283,66,1104,0,1104,1,4616.621,232.0
12260,Campmed Cas & Ind Co Inc MD,1999,2005,7,320,311,2,1104,0,1104,1,4616.621,28.0
12260,Campmed Cas & Ind Co Inc MD,1999,2006,8,352,345,0,1104,0,1104,1,4616.621,34.0
12260,Campmed Cas & Ind Co Inc MD,1999,2007,9,406,376,0,1104,0,1104,1,4616.621,31.0
12260,Campmed Cas & Ind Co Inc MD,1999,2008,10,412,383,29,1104,0,1104,1,4616.621,7.0
12260,Campmed Cas & Ind Co Inc MD,2000,2000,1,296,3,285,1110,0,1110,1,4616.621,3.0
12260,Campmed Cas & Ind Co Inc MD,2000,2001,2,291,26,130,1110,0,1110,1,4616.621,23.0
12260,Campmed Cas & Ind Co Inc MD,2000,2002,3,355,41,155,1110,0,1110,1,4616.621,15.0
12260,Campmed Cas & Ind Co Inc MD,2000,2003,4,274,96,118,1110,0,1110,1,4616.621,55.0
12260,Campmed Cas & Ind Co Inc MD,2000,2004,5,427,326,94,1110,0,1110,1,4616.621,230.0
12260,Campmed Cas & Ind Co Inc MD,2000,2005,6,409,376,27,1110,0,1110,1,4616.621,50.0
12260,Campmed Cas & Ind Co Inc MD,2000,2006,7,443,430,11,1110,0,1110,1,4616.621,54.0
12260,Campmed Cas & Ind Co Inc MD,2000,2007,8,459,433,0,1110,0,1110,1,4616.621,3.0
12260,Campmed Cas & Ind Co Inc MD,2000,2008,9,477,452,25,1110,0,1110,1,4616.621,19.0
12260,Campmed Cas & Ind Co Inc MD,2000,2009,10,455,455,0,1110,0,1110,1,4616.621,3.0
12260,Campmed Cas & Ind Co Inc MD,2001,2001,1,355,4,346,1472,206,1266,1,4616.621,4.0
12260,Campmed Cas & Ind Co Inc MD,2001,2002,2,375,44,267,1472,206,1266,1,4616.621,40.0
12260,Campmed Cas & Ind Co Inc MD,2001,2003,3,355,187,108,1472,206,1266,1,4616.621,143.0
12260,Campmed Cas & Ind Co Inc MD,2001,2004,4,548,268,118,1472,206,1266,1,4616.621,81.0
12260,Campmed Cas & Ind Co Inc MD,2001,2005,5,595,331,90,1472,206,1266,1,4616.621,63.0
12260,Campmed Cas & Ind Co Inc MD,2001,2006,6,606,430,54,1472,206,1266,1,4616.621,99.0
12260,Campmed Cas & Ind Co Inc MD,2001,2007,7,620,471,24,1472,206,1266,1,4616.621,41.0
12260,Campmed Cas & Ind Co Inc MD,2001,2008,8,597,481,2,1472,206,1266,1,4616.621,10.0
12260,Campmed Cas & Ind Co Inc MD,2001,2009,9,595,485,1,1472,206,1266,1,4616.621,4.0
12260,Campmed Cas & Ind Co Inc MD,2001,2010,10,647,647,0,1472,206,1266,1,4616.621,162.0
12260,Campmed Cas & Ind Co Inc MD,2002,2002,1,773,2,712,3822,1730,2092,1,4616.621,2.0
12260,Campmed Cas & Ind Co Inc MD,2002,2003,2,697,21,617,3822,1730,2092,1,4616.621,19.0
12260,Campmed Cas & Ind Co Inc MD,2002,2004,3,322,35,259,3822,1730,2092,1,4616.621,14.0
12260,Campmed Cas & Ind Co Inc MD,2002,2005,4,355,183,104,3822,1730,2092,1,4616.621,148.0
12260,Campmed Cas & Ind Co Inc MD,2002,2006,5,368,282,63,3822,1730,2092,1,4616.621,99.0
12260,Campmed Cas & Ind Co Inc MD,2002,2007,6,386,335,30,3822,1730,2092,1,4616.621,53.0
12260,Campmed Cas & Ind Co Inc MD,2002,2008,7,404,375,24,3822,1730,2092,1,4616.621,40.0
12260,Campmed Cas & Ind Co Inc MD,2002,2009,8,386,383,3,3822,1730,2092,1,4616.621,8.0
12260,Campmed Cas & Ind Co Inc MD,2002,2010,9,518,518,0,3822,1730,2092,1,4616.621,135.0
12260,Campmed Cas & Ind Co Inc MD,2003,2003,1,767,11,747,4065,2189,1876,1,4616.621,11.0
12260,Campmed Cas & Ind Co Inc MD,2003,2004,2,814,43,664,4065,2189,1876,1,4616.621,32.0
12260,Campmed Cas & Ind Co Inc MD,2003,2005,3,814,130,475,4065,2189,1876,1,4616.621,87.0
12260,Campmed Cas & Ind Co Inc MD,2003,2006,4,880,291,284,4065,2189,1876,1,4616.621,161.0
12260,Campmed Cas & Ind Co Inc MD,2003,2007,5,919,614,151,4065,2189,1876,1,4616.621,323.0
12260,Campmed Cas & Ind Co Inc MD,2003,2008,6,765,616,81,4065,2189,1876,1,4616.621,2.0
12260,Campmed Cas & Ind Co Inc MD,2003,2009,7,791,628,31,4065,2189,1876,1,4616.621,12.0
12260,Campmed Cas & Ind Co Inc MD,2003,2010,8,775,775,0,4065,2189,1876,1,4616.621,147.0
12260,Campmed Cas & Ind Co Inc MD,2004,2004,1,1006,2,996,4454,2435,2019,1,4616.621,2.0
12260,Campmed Cas & Ind Co Inc MD,2004,2005,2,948,19,891,4454,2435,2019,1,4616.621,17.0
12260,Campmed Cas & Ind Co Inc MD,2004,2006,3,947,29,865,4454,2435,2019,1,4616.621,10.0
12260,Campmed Cas & Ind Co Inc MD,2004,2007,4,948,67,783,4454,2435,2019,1,4616.621,38.0
12260,Campmed Cas & Ind Co Inc MD,2004,2008,5,949,206,611,4454,2435,2019,1,4616.621,139.0
12260,Campmed Cas & Ind Co Inc MD,2004,2009,6,708,564,81,4454,2435,2019,1,4616.621,358.0
12260,Campmed Cas & Ind Co Inc MD,2004,2010,7,663,663,0,4454,2435,2019,1,4616.621,99.0
12260,Campmed Cas & Ind Co Inc MD,2005,2005,1,1144,2,1139,4377,2404,1973,1,4616.621,2.0
12260,Campmed Cas & Ind Co Inc MD,2005,2006,2,845,27,777,4377,2404,1973,1,4616.621,25.0
12260,Campmed Cas & Ind Co Inc MD,2005,2007,3,848,137,590,4377,2404,1973,1,4616.621,110.0
12260,Campmed Cas & Ind Co Inc MD,2005,2008,4,988,598,349,4377,2404,1973,1,4616.621,461.0
12260,Campmed Cas & Ind Co Inc MD,2005,2009,5,911,653,236,4377,2404,1973,1,4616.621,55.0
12260,Campmed Cas & Ind Co Inc MD,2005,2010,6,988,988,0,4377,2404,1973,1,4616.621,335.0
12260,Campmed Cas & Ind Co Inc MD,2006,2006,1,1017,2,1015,4307,2362,1945,1,4616.621,2.0
12260,Campmed Cas & Ind Co Inc MD,2006,2007,2,1005,120,826,4307,2362,1945,1,4616.621,118.0
12260,Campmed Cas & Ind Co Inc MD,2006,2008,3,931,158,707,4307,2362,1945,1,4616.621,38.0
12260,Campmed Cas & Ind Co Inc MD,2006,2009,4,688,209,379,4307,2362,1945,1,4616.621,51.0
12260,Campmed Cas & Ind Co Inc MD,2006,2010,5,680,680,0,4307,2362,1945,1,4616.621,471.0
12260,Campmed Cas & Ind Co Inc MD,2007,2007,1,1097,2,1055,4335,2378,1957,1,4616.621,2.0
12260,Campmed Cas & Ind Co Inc MD,2007,2008,2,933,16,893,4335,2378,1957,1,4616.621,14.0
12260,Campmed Cas & Ind Co Inc MD,2007,2009,3,732,40,634,4335,2378,1957,1,4616.621,24.0
12260,Campmed Cas & Ind Co Inc MD,2007,2010,4,722,722,0,4335,2378,1957,1,4616.621,682.0
353,Celina Mut Grp,1998,1998,1,456,84,342,1007,228,779,0,821.002,84.0
353,Celina Mut Grp,1998,1999,2,439,256,128,1007,228,779,0,821.002,172.0
353,Celina Mut Grp,1998,2000,3,479,352,100,1007,228,779,0,821.002,96.0
353,Celina Mut Grp,1998,2001,4,456,376,58,1007,228,779,0,821.002,24.0
353,Celina Mut Grp,1998,2002,5,447,423,14,1007,228,779,0,821.002,47.0
353,Celina Mut Grp,1998,2003,6,439,427,10,1007,228,779,0,821.002,4.0
353,Celina Mut Grp,1998,2004,7,453,428,23,1007,228,779,0,821.002,1.0
353,Celina Mut Grp,1999,1999,1,417,135,267,888,198,690,0,821.002,135.0
353,Celina Mut Grp,1999,2000,2,420,193,192,888,198,690,0,821.002,58.0
353,Celina Mut Grp,1999,2001,3,307,216,91,888,198,690,0,821.002,23.0
353,Celina Mut Grp,1999,2002,4,369,369,0,888,198,690,0,821.002,153.0
353,Celina Mut Grp,1999,2003,5,375,375,0,888,198,690,0,821.002,6.0
353,Celina Mut Grp,2000,2000,1,250,48,112,953,197,756,0,821.002,48.0
353,Celina Mut Grp,2000,2001,2,223,167,34,953,197,756,0,821.002,119.0
353,Celina Mut Grp,2000,2002,3,407,387,16,953,197,756,0,821.002,220.0
353,Celina Mut Grp,2000,2003,4,479,479,0,953,197,756,0,821.002,92.0
353,Celina Mut Grp,2001,2001,1,305,137,115,732,137,595,0,821.002,137.0
353,Celina Mut Grp,2001,2002,2,280,159,97,732,137,595,0,821.002,22.0
353,Celina Mut Grp,2001,2003,3,280,168,45,732,137,595,0,821.002,9.0
353,Celina Mut Grp,2001,2004,4,251,251,0,732,137,595,0,821.002,83.0
353,Celina Mut Grp,2002,2002,1,189,5,165,550,139,411,0,821.002,5.0
353,Celina Mut Grp,2002,2003,2,189,8,115,550,139,411,0,821.002,3.0
353,Celina Mut Grp,2002,2004,3,203,16,103,550,139,411,0,821.002,8.0
353,Celina Mut Grp,2002,2005,4,372,103,18,550,139,411,0,821.002,87.0
353,Celina Mut Grp,2002,2006,5,357,357,0,550,139,411,0,821.002,254.0
353,Celina Mut Grp,2003,2004,2,340,-29,137,505,171,334,0,821.002,21.0
353,Celina Mut Grp,2003,2005,3,309,184,78,505,171,334,0,821.002,213.0
353,Celina Mut Grp,2003,2006,4,300,209,43,505,171,334,0,821.002,25.0
353,Celina Mut Grp,2003,2007,5,291,226,25,505,171,334,0,821.002,17.0
353,Celina Mut Grp,2003,2008,6,318,228,5,505,171,334,0,821.002,2.0
353,Celina Mut Grp,2003,2009,7,381,236,5,505,171,334,0,821.002,8.0
353,Celina Mut Grp,2003,2010,8,373,258,5,505,171,334,0,821.002,22.0
353,Celina Mut Grp,2004,2004,1,223,2,217,434,97,337,0,821.002,2.0
353,Celina Mut Grp,2004,2005,2,220,37,157,434,97,337,0,821.002,35.0
353,Celina Mut Grp,2004,2006,3,465,318,68,434,97,337,0,821.002,281.0
353,Celina Mut Grp,2004,2007,4,465,385,50,434,97,337,0,821.002,67.0
353,Celina Mut Grp,2004,2008,5,468,403,15,434,97,337,0,821.002,18.0
353,Celina Mut Grp,2004,2009,6,484,419,15,434,97,337,0,821.002,16.0
353,Celina Mut Grp,2004,2010,7,468,453,15,434,97,337,0,821.002,34.0
353,Celina Mut Grp,2005,2005,1,236,12,222,464,53,411,0,821.002,12.0
353,Celina Mut Grp,2005,2006,2,112,15,87,464,53,411,0,821.002,3.0
353,Celina Mut Grp,2005,2007,3,170,60,65,464,53,411,0,821.002,45.0
353,Celina Mut Grp,2005,2008,4,214,169,20,464,53,411,0,821.002,109.0
353,Celina Mut Grp,2005,2009,5,246,201,20,464,53,411,0,821.002,32.0
353,Celina Mut Grp,2005,2010,6,253,238,15,464,53,411,0,821.002,37.0
353,Celina Mut Grp,2006,2006,1,178,1,176,511,75,436,0,821.002,1.0
353,Celina Mut Grp,2006,2007,2,130,5,120,511,75,436,0,821.002,4.0
353,Celina Mut Grp,2006,2008,3,119,24,45,511,75,436,0,821.002,19.0
353,Celina Mut Grp,2006,2009,4,117,32,35,511,75,436,0,821.002,8.0
353,Celina Mut Grp,2006,2010,5,103,33,20,511,75,436,0,821.002,1.0
353,Celina Mut Grp,2006,2011,6,70,70,0,511,75,436,0,821.002,37.0
353,Celina Mut Grp,2007,2007,1,204,3,200,512,66,446,0,821.002,3.0
353,Celina Mut Grp,2007,2008,2,115,5,110,512,66,446,0,821.002,2.0
353,Celina Mut Grp,2007,2009,3,77,7,55,512,66,446,0,821.002,2.0
353,Celina Mut Grp,2007,2010,4,83,38,30,512,66,446,0,821.002,31.0
353,Celina Mut Grp,2007,2011,5,96,76,20,512,66,446,0,821.002,38.0
8079,Columbia Ins Grp,1998,1999,2,3,3,0,236,11,225,0,7.954,3.0
8079,Columbia Ins Grp,1998,2001,4,4,4,0,236,11,225,0,7.954,1.0
8079,Columbia Ins Grp,1999,1999,1,177,26,71,591,86,505,0,7.954,26.0
8079,Columbia Ins Grp,1999,2000,2,181,63,100,591,86,505,0,7.954,37.0
8079,Columbia Ins Grp,1999,2001,3,61,65,18,591,86,505,0,7.954,2.0
8079,Columbia Ins Grp,1999,2002,4,176,156,-14,591,86,505,0,7.954,91.0
8079,Columbia Ins Grp,1999,2003,5,200,248,1,591,86,505,0,7.954,92.0
8079,Columbia Ins Grp,1999,2005,7,431,371,0,591,86,505,0,7.954,1183.0
8079,Columbia Ins Grp,1999,2006,8,437,376,1,591,86,505,0,7.954,5.0
8079,Columbia Ins Grp,1999,2007,9,381,381,0,591,86,505,0,7.954,5.0
8079,Columbia Ins Grp,2000,2000,1,368,62,181,785,92,693,0,7.954,62.0
8079,Columbia Ins Grp,2000,2001,2,208,70,130,785,92,693,0,7.954,8.0
8079,Columbia Ins Grp,2000,2002,3,93,73,20,785,92,693,0,7.954,3.0
8079,Columbia Ins Grp,2000,2003,4,89,75,7,785,92,693,0,7.954,2.0
8079,Columbia Ins Grp,2000,2004,5,138,134,4,785,92,693,0,7.954,59.0
8079,Columbia Ins Grp,2001,2001,1,458,1,319,1136,342,794,0,7.954,1.0
8079,Columbia Ins Grp,2001,2002,2,155,47,88,1136,342,794,0,7.954,46.0
8079,Columbia Ins Grp,2001,2003,3,58,51,8,1136,342,794,0,7.954,4.0
8079,Columbia Ins Grp,2001,2004,4,81,62,19,1136,342,794,0,7.954,11.0
8079,Columbia Ins Grp,2002,2002,1,206,53,64,609,211,398,0,7.954,53.0
8079,Columbia Ins Grp,2002,2003,2,173,124,4,609,211,398,0,7.954,71.0
8079,Columbia Ins Grp,2002,2004,3,157,137,5,609,211,398,0,7.954,13.0
8079,Columbia Ins Grp,2002,2005,4,195,152,1,609,211,398,0,7.954,15.0
8079,Columbia Ins Grp,2002,2006,5,353,332,6,609,211,398,0,7.954,180.0
8079,Columbia Ins Grp,2002,2007,6,334,333,1,609,211,398,0,7.954,1.0
8079,Columbia Ins Grp,2002,2010,9,334,334,0,609,211,398,0,7.954,1.0
8079,Columbia Ins Grp,2003,2004,2,55,10,19,152,-109,261,0,7.954,11.0
8079,Columbia Ins Grp,2003,2005,3,17,16,1,152,-109,261,0,7.954,6.0
8079,Columbia Ins Grp,2004,2007,4,2,1,1,707,142,565,0,7.954,1.0
8079,Columbia Ins Grp,2005,2005,1,9,1,8,1001,115,886,0,7.954,1.0
8079,Columbia Ins Grp,2005,2007,3,60,58,2,1001,115,886,0,7.954,57.0
8079,Columbia Ins Grp,2005,2008,4,60,60,0,1001,115,886,0,7.954,2.0
8079,Columbia Ins Grp,2006,2006,1,50,3,40,1255,118,1137,0,7.954,3.0
8079,Columbia Ins Grp,2006,2008,3,42,25,1,1255,118,1137,0,7.954,22.0
8079,Columbia Ins Grp,2006,2009,4,110,62,0,1255,118,1137,0,7.954,37.0
8079,Columbia Ins Grp,2006,2010,5,109,109,0,1255,118,1137,0,7.954,47.0
8079,Columbia Ins Grp,2006,2014,9,139,117,0,1255,118,1137,0,7.954,8.0
8079,Columbia Ins Grp,2006,2015,10,121,121,0,1255,118,1137,0,7.954,4.0
8079,Columbia Ins Grp,2007,2007,1,113,51,46,1447,94,1353,0,7.954,51.0
8079,Columbia Ins Grp,2007,2008,2,69,59,10,1447,94,1353,0,7.954,8.0
8079,Columbia Ins Grp,2007,2010,4,147,137,10,1447,94,1353,0,7.954,78.0
37206,Contractors Bonding & Ins Co,1998,2000,3,12,8,0,4,1,3,1,297.111,8.0
37206,Contractors Bonding & Ins Co,1999,2000,2,14,1,3,30,5,25,1,297.111,1.0
37206,Contractors Bonding & Ins Co,1999,2001,3,277,117,11,30,5,25,1,297.111,116.0
37206,Contractors Bonding & Ins Co,1999,2002,4,353,259,2,30,5,25,1,297.111,142.0
37206,Contractors Bonding & Ins Co,1999,2003,5,332,283,0,30,5,25,1,297.111,24.0
37206,Contractors Bonding & Ins Co,1999,2004,6,395,393,0,30,5,25,1,297.111,110.0
37206,Contractors Bonding & Ins Co,2000,2000,1,50,22,17,87,15,72,1,297.111,22.0
37206,Contractors Bonding & Ins Co,2000,2001,2,70,31,39,87,15,72,1,297.111,9.0
37206,Contractors Bonding & Ins Co,2000,2003,4,81,32,0,87,15,72,1,297.111,1.0
37206,Contractors Bonding & Ins Co,2000,2005,6,34,34,0,87,15,72,1,297.111,2.0
37206,Contractors Bonding & Ins Co,2003,2004,2,133,-15,32,13,8,5,1,297.111,57.0
37206,Contractors Bonding & Ins Co,2003,2006,4,131,79,24,13,8,5,1,297.111,99.0
37206,Contractors Bonding & Ins Co,2003,2007,5,108,88,0,13,8,5,1,297.111,9.0
37206,Contractors Bonding & Ins Co,2003,2008,6,109,98,0,13,8,5,1,297.111,10.0
37206,Contractors Bonding & Ins Co,2004,2007,4,-28,-53,17,20,11,9,1,297.111,7.0
37206,Contractors Bonding & Ins Co,2007,2007,1,128,13,110,82,16,66,1,297.111,13.0
37206,Contractors Bonding & Ins Co,2007,2008,2,121,17,104,82,16,66,1,297.111,4.0
33499,Dorinco Rein Co,1998,1998,1,64495,48,64347,49608,0,49608,1,325294.522,48.0
33499,Dorinco Rein Co,1998,1999,2,44493,143,44310,49608,0,49608,1,325294.522,95.0
33499,Dorinco Rein Co,1998,2001,4,58490,162,58324,49608,0,49608,1,325294.522,21.0
33499,Dorinco Rein Co,1998,2002,5,58488,169,58194,49608,0,49608,1,325294.522,7.0
33499,Dorinco Rein Co,1998,2003,6,58488,228,58169,49608,0,49608,1,325294.522,59.0
33499,Dorinco Rein Co,1998,2004,7,42688,275,42297,49608,0,49608,1,325294.522,47.0
33499,Dorinco Rein Co,1998,2005,8,36139,329,35619,49608,0,49608,1,325294.522,54.0
33499,Dorinco Rein Co,1998,2006,9,29138,430,28493,49608,0,49608,1,325294.522,101.0
33499,Dorinco Rein Co,1998,2007,10,29139,432,28624,49608,0,49608,1,325294.522,2.0
33499,Dorinco Rein Co,1999,2001,3,71664,265,71152,76850,0,76850,1,325294.522,294.0
33499,Dorinco Rein Co,1999,2002,4,71815,921,70598,76850,0,76850,1,325294.522,656.0
33499,Dorinco Rein Co,1999,2003,5,71820,1046,70450,76850,0,76850,1,325294.522,125.0
33499,Dorinco Rein Co,1999,2004,6,71762,1079,70191,76850,0,76850,1,325294.522,33.0
33499,Dorinco Rein Co,1999,2005,7,61593,1397,60084,76850,0,76850,1,325294.522,318.0
33499,Dorinco Rein Co,1999,2006,8,61593,1413,60082,76850,0,76850,1,325294.522,16.0
33499,Dorinco Rein Co,1999,2007,9,56593,1453,55074,76850,0,76850,1,325294.522,40.0
33499,Dorinco Rein Co,1999,2008,10,55873,1557,54233,76850,0,76850,1,325294.522,104.0
33499,Dorinco Rein Co,2000,2000,1,44579,274,37638,43430,644,42786,1,325294.522,274.0
33499,Dorinco Rein Co,2000,2001,2,30711,1618,25727,43430,644,42786,1,325294.522,1344.0
33499,Dorinco Rein Co,2000,2002,3,29655,1924,25748,43430,644,42786,1,325294.522,306.0
33499,Dorinco Rein Co,2000,2003,4,35196,9459,25686,43430,644,42786,1,325294.522,7535.0
33499,Dorinco Rein Co,2000,2004,5,35150,9694,24699,43430,644,42786,1,325294.522,235.0
33499,Dorinco Rein Co,2000,2005,6,35149,10140,24425,43430,644,42786,1,325294.522,446.0
33499,Dorinco Rein Co,2000,2006,7,35149,10334,24293,43430,644,42786,1,325294.522,194.0
33499,Dorinco Rein Co,2000,2007,8,35149,10660,24122,43430,644,42786,1,325294.522,326.0
33499,Dorinco Rein Co,2000,2008,9,35148,10815,23616,43430,644,42786,1,325294.522,155.0
33499,Dorinco Rein Co,2000,2009,10,35149,11627,23390,43430,644,42786,1,325294.522,812.0
33499,Dorinco Rein Co,2001,2001,1,43808,344,37186,42185,772,41413,1,325294.522,344.0
33499,Dorinco Rein Co,2001,2002,2,34102,902,26092,42185,772,41413,1,325294.522,558.0
33499,Dorinco Rein Co,2001,2003,3,32570,6787,25315,42185,772,41413,1,325294.522,5885.0
33499,Dorinco Rein Co,2001,2004,4,32411,6997,25337,42185,772,41413,1,325294.522,210.0
33499,Dorinco Rein Co,2001,2006,6,32412,7074,24853,42185,772,41413,1,325294.522,403.0
33499,Dorinco Rein Co,2001,2007,7,32412,7356,24138,42185,772,41413,1,325294.522,282.0
33499,Dorinco Rein Co,2001,2008,8,32412,7728,24070,42185,772,41413,1,325294.522,372.0
33499,Dorinco Rein Co,2001,2009,9,32412,7933,24003,42185,772,41413,1,325294.522,205.0
33499,Dorinco Rein Co,2001,2010,10,32412,8509,22497,42185,772,41413,1,325294.522,576.0
33499,Dorinco Rein Co,2002,2003,2,43550,32,43468,33500,0,33500,1,325294.522,32.0
33499,Dorinco Rein Co,2002,2004,3,43518,404,42994,33500,0,33500,1,325294.522,372.0
33499,Dorinco Rein Co,2002,2005,4,43520,618,42846,33500,0,33500,1,325294.522,214.0
33499,Dorinco Rein Co,2002,2006,5,43518,692,42713,33500,0,33500,1,325294.522,74.0
33499,Dorinco Rein Co,2002,2007,6,43518,728,42635,33500,0,33500,1,325294.522,36.0
33499,Dorinco Rein Co,2002,2008,7,43177,848,42314,33500,0,33500,1,325294.522,120.0
33499,Dorinco Rein Co,2002,2009,8,38177,916,37248,33500,0,33500,1,325294.522,68.0
33499,Dorinco Rein Co,2002,2010,9,38177,918,37237,33500,0,33500,1,325294.522,2.0
33499,Dorinco Rein Co,2003,2004,2,29000,24,28955,29000,0,29000,1,325294.522,24.0
33499,Dorinco Rein Co,2003,2005,3,29001,179,28712,29000,0,29000,1,325294.522,155.0
33499,Dorinco Rein Co,2003,2006,4,29001,220,28774,29000,0,29000,1,325294.522,41.0
33499,Dorinco Rein Co,2003,2007,5,29000,222,28775,29000,0,29000,1,325294.522,2.0
33499,Dorinco Rein Co,2003,2008,6,29001,226,28773,29000,0,29000,1,325294.522,4.0
33499,Dorinco Rein Co,2003,2009,7,29000,287,28711,29000,0,29000,1,325294.522,61.0
33499,Dorinco Rein Co,2003,2012,10,28000,288,27712,29000,0,29000,1,325294.522,1.0
33499,Dorinco Rein Co,2004,2005,2,31999,4,31956,32000,0,32000,1,325294.522,4.0
33499,Dorinco Rein Co,2004,2006,3,32000,70,31816,32000,0,32000,1,325294.522,66.0
33499,Dorinco Rein Co,2004,2007,4,32000,87,31842,32000,0,32000,1,325294.522,17.0
33499,Dorinco Rein Co,2004,2008,5,32000,320,31670,32000,0,32000,1,325294.522,233.0
33499,Dorinco Rein Co,2004,2009,6,32000,480,31510,32000,0,32000,1,325294.522,160.0
33499,Dorinco Rein Co,2004,2012,9,32001,620,31156,32000,0,32000,1,325294.522,140.0
33499,Dorinco Rein Co,2004,2013,10,29001,645,28346,32000,0,32000,1,325294.522,25.0
33499,Dorinco Rein Co,2005,2006,2,33499,12,33275,33500,0,33500,1,325294.522,12.0
33499,Dorinco Rein Co,2005,2007,3,33500,91,33199,33500,0,33500,1,325294.522,79.0
33499,Dorinco Rein Co,2005,2008,4,33500,429,33118,33500,0,33500,1,325294.522,338.0
33499,Dorinco Rein Co,2005,2010,6,33500,794,32706,33500,0,33500,1,325294.522,410.0
33499,Dorinco Rein Co,2005,2011,7,33500,1454,30884,33500,0,33500,1,325294.522,660.0
33499,Dorinco Rein Co,2005,2012,8,33499,2491,29746,33500,0,33500,1,325294.522,1037.0
33499,Dorinco Rein Co,2005,2013,9,30500,3453,26747,33500,0,33500,1,325294.522,962.0
620,Employers Mut Co Of Des Moines,1998,1998,1,5116,309,3096,10755,81,10674,0,59891.212,309.0
620,Employers Mut Co Of Des Moines,1998,1999,2,2948,1185,790,10755,81,10674,0,59891.212,876.0
620,Employers Mut Co Of Des Moines,1998,2000,3,3234,1571,595,10755,81,10674,0,59891.212,386.0
620,Employers Mut Co Of Des Moines,1998,2001,4,3194,2399,324,10755,81,10674,0,59891.212,828.0
620,Employers Mut Co Of Des Moines,1998,2002,5,3126,2609,153,10755,81,10674,0,59891.212,210.0
620,Employers Mut Co Of Des Moines,1998,2003,6,2878,2745,0,10755,81,10674,0,59891.212,136.0
620,Employers Mut Co Of Des Moines,1998,2004,7,2938,2857,0,10755,81,10674,0,59891.212,112.0
620,Employers Mut Co Of Des Moines,1998,2005,8,3469,2906,314,10755,81,10674,0,59891.212,49.0
620,Employers Mut Co Of Des Moines,1998,2006,9,3386,2985,280,10755,81,10674,0,59891.212,79.0
620,Employers Mut Co Of Des Moines,1998,2007,10,3329,3057,207,10755,81,10674,0,59891.212,72.0
620,Employers Mut Co Of Des Moines,1999,1999,1,5628,361,2986,10778,107,10672,0,59891.212,361.0
620,Employers Mut Co Of Des Moines,1999,2000,2,3651,934,1098,10778,107,10672,0,59891.212,573.0
620,Employers Mut Co Of Des Moines,1999,2001,3,4660,1798,843,10778,107,10672,0,59891.212,864.0
620,Employers Mut Co Of Des Moines,1999,2002,4,3312,2095,381,10778,107,10672,0,59891.212,297.0
620,Employers Mut Co Of Des Moines,1999,2003,5,3838,2324,450,10778,107,10672,0,59891.212,229.0
620,Employers Mut Co Of Des Moines,1999,2004,6,5356,2686,0,10778,107,10672,0,59891.212,362.0
620,Employers Mut Co Of Des Moines,1999,2005,7,6342,3148,507,10778,107,10672,0,59891.212,462.0
620,Employers Mut Co Of Des Moines,1999,2006,8,5866,3355,303,10778,107,10672,0,59891.212,207.0
620,Employers Mut Co Of Des Moines,1999,2007,9,5652,3556,248,10778,107,10672,0,59891.212,201.0
620,Employers Mut Co Of Des Moines,1999,2008,10,4030,3652,250,10778,107,10672,0,59891.212,96.0
620,Employers Mut Co Of Des Moines,2000,2000,1,3506,227,2561,11607,102,11505,0,59891.212,227.0
620,Employers Mut Co Of Des Moines,2000,2001,2,2563,717,1557,11607,102,11505,0,59891.212,490.0
620,Employers Mut Co Of Des Moines,2000,2002,3,2943,1161,991,11607,102,11505,0,59891.212,444.0
620,Employers Mut Co Of Des Moines,2000,2003,4,6023,1553,1200,11607,102,11505,0,59891.212,392.0
620,Employers Mut Co Of Des Moines,2000,2004,5,7511,2772,582,11607,102,11505,0,59891.212,1219.0
620,Employers Mut Co Of Des Moines,2000,2005,6,6124,4971,604,11607,102,11505,0,59891.212,2199.0
620,Employers Mut Co Of Des Moines,2000,2006,7,6043,5148,489,11607,102,11505,0,59891.212,177.0
620,Employers Mut Co Of Des Moines,2000,2007,8,6049,5460,330,11607,102,11505,0,59891.212,312.0
620,Employers Mut Co Of Des Moines,2000,2008,9,5943,5532,301,11607,102,11505,0,59891.212,72.0
620,Employers Mut Co Of Des Moines,2000,2009,10,5967,5543,285,11607,102,11505,0,59891.212,11.0
620,Employers Mut Co Of Des Moines,2001,2001,1,4653,274,3633,13370,85,13286,0,59891.212,274.0
620,Employers Mut Co Of Des Moines,2001,2002,2,4719,541,1830,13370,85,13286,0,59891.212,267.0
620,Employers Mut Co Of Des Moines,2001,2003,3,6642,1392,1950,13370,85,13286,0,59891.212,851.0
620,Employers Mut Co Of Des Moines,2001,2004,4,7003,2335,1553,13370,85,13286,0,59891.212,943.0
620,Employers Mut Co Of Des Moines,2001,2005,5,7211,3186,1087,13370,85,13286,0,59891.212,851.0
620,Employers Mut Co Of Des Moines,2001,2006,6,5812,4369,583,13370,85,13286,0,59891.212,1183.0
620,Employers Mut Co Of Des Moines,2001,2007,7,7617,4676,702,13370,85,13286,0,59891.212,307.0
620,Employers Mut Co Of Des Moines,2001,2008,8,6654,5713,401,13370,85,13286,0,59891.212,1037.0
620,Employers Mut Co Of Des Moines,2001,2009,9,6731,5720,366,13370,85,13286,0,59891.212,7.0
620,Employers Mut Co Of Des Moines,2001,2010,10,6573,5764,223,13370,85,13286,0,59891.212,44.0
620,Employers Mut Co Of Des Moines,2002,2002,1,6429,236,4271,14909,120,14789,0,59891.212,236.0
620,Employers Mut Co Of Des Moines,2002,2003,2,9846,607,3900,14909,120,14789,0,59891.212,371.0
620,Employers Mut Co Of Des Moines,2002,2004,3,14263,1770,2524,14909,120,14789,0,59891.212,1163.0
620,Employers Mut Co Of Des Moines,2002,2005,4,14526,5035,2175,14909,120,14789,0,59891.212,3265.0
620,Employers Mut Co Of Des Moines,2002,2006,5,11843,6786,1049,14909,120,14789,0,59891.212,1751.0
620,Employers Mut Co Of Des Moines,2002,2007,6,11220,7832,971,14909,120,14789,0,59891.212,1046.0
620,Employers Mut Co Of Des Moines,2002,2008,7,10600,9098,852,14909,120,14789,0,59891.212,1266.0
620,Employers Mut Co Of Des Moines,2002,2009,8,10056,9121,447,14909,120,14789,0,59891.212,23.0
620,Employers Mut Co Of Des Moines,2002,2010,9,10185,9201,223,14909,120,14789,0,59891.212,80.0
620,Employers Mut Co Of Des Moines,2002,2011,10,10123,9574,363,14909,120,14789,0,59891.212,373.0
620,Employers Mut Co Of Des Moines,2003,2003,1,11947,285,7501,16979,218,16761,0,59891.212,285.0
620,Employers Mut Co Of Des Moines,2003,2004,2,14085,2740,5048,16979,218,16761,0,59891.212,2455.0
620,Employers Mut Co Of Des Moines,2003,2005,3,15115,5023,3190,16979,218,16761,0,59891.212,2283.0
620,Employers Mut Co Of Des Moines,2003,2006,4,13340,7403,2097,16979,218,16761,0,59891.212,2380.0
620,Employers Mut Co Of Des Moines,2003,2007,5,12812,8768,1115,16979,218,16761,0,59891.212,1365.0
620,Employers Mut Co Of Des Moines,2003,2008,6,11658,9627,1177,16979,218,16761,0,59891.212,859.0
620,Employers Mut Co Of Des Moines,2003,2009,7,10925,9802,488,16979,218,16761,0,59891.212,175.0
620,Employers Mut Co Of Des Moines,2003,2010,8,11608,10594,669,16979,218,16761,0,59891.212,792.0
620,Employers Mut Co Of Des Moines,2003,2011,9,11271,10642,403,16979,218,16761,0,59891.212,48.0
620,Employers Mut Co Of Des Moines,2003,2012,10,11185,10703,389,16979,218,16761,0,59891.212,61.0
620,Employers Mut Co Of Des Moines,2004,2004,1,14684,421,9707,19649,345,19304,0,59891.212,421.0
620,Employers Mut Co Of Des Moines,2004,2005,2,11483,1060,5582,19649,345,19304,0,59891.212,639.0
620,Employers Mut Co Of Des Moines,2004,2006,3,10241,1797,3076,19649,345,19304,0,59891.212,737.0
620,Employers Mut Co Of Des Moines,2004,2007,4,9413,2764,1528,19649,345,19304,0,59891.212,967.0
620,Employers Mut Co Of Des Moines,2004,2008,5,9113,3731,1352,19649,345,19304,0,59891.212,967.0
620,Employers Mut Co Of Des Moines,2004,2009,6,7535,4513,691,19649,345,19304,0,59891.212,782.0
620,Employers Mut Co Of Des Moines,2004,2010,7,7890,5134,669,19649,345,19304,0,59891.212,621.0
620,Employers Mut Co Of Des Moines,2004,2011,8,7497,5487,565,19649,345,19304,0,59891.212,353.0
620,Employers Mut Co Of Des Moines,2004,2012,9,6929,6496,432,19649,345,19304,0,59891.212,1009.0
620,Employers Mut Co Of Des Moines,2004,2013,10,6601,6568,0,19649,345,19304,0,59891.212,72.0
620,Employers Mut Co Of Des Moines,2005,2005,1,14669,337,10173,21804,401,21403,0,59891.212,337.0
620,Employers Mut Co Of Des Moines,2005,2006,2,12448,1020,5383,21804,401,21403,0,59891.212,683.0
620,Employers Mut Co Of Des Moines,2005,2007,3,9619,2052,2416,21804,401,21403,0,59891.212,1032.0
620,Employers Mut Co Of Des Moines,2005,2008,4,9379,3760,1853,21804,401,21403,0,59891.212,1708.0
620,Employers Mut Co Of Des Moines,2005,2009,5,9724,5200,1057,21804,401,21403,0,59891.212,1440.0
620,Employers Mut Co Of Des Moines,2005,2010,6,7789,6364,669,21804,401,21403,0,59891.212,1164.0
620,Employers Mut Co Of Des Moines,2005,2011,7,7344,6523,646,21804,401,21403,0,59891.212,159.0
620,Employers Mut Co Of Des Moines,2005,2012,8,7235,6622,605,21804,401,21403,0,59891.212,99.0
620,Employers Mut Co Of Des Moines,2005,2014,10,6804,6631,0,21804,401,21403,0,59891.212,9.0
620,Employers Mut Co Of Des Moines,2006,2006,1,14980,313,9811,23655,438,23217,0,59891.212,313.0
620,Employers Mut Co Of Des Moines,2006,2007,2,12403,1055,4503,23655,438,23217,0,59891.212,742.0
620,Employers Mut Co Of Des Moines,2006,2008,3,13840,3218,2930,23655,438,23217,0,59891.212,2163.0
620,Employers Mut Co Of Des Moines,2006,2009,4,14474,6297,1504,23655,438,23217,0,59891.212,3079.0
620,Employers Mut Co Of Des Moines,2006,2010,5,12789,8792,669,23655,438,23217,0,59891.212,2495.0
620,Employers Mut Co Of Des Moines,2006,2011,6,13506,9893,646,23655,438,23217,0,59891.212,1101.0
620,Employers Mut Co Of Des Moines,2006,2012,7,13201,11513,692,23655,438,23217,0,59891.212,1620.0
620,Employers Mut Co Of Des Moines,2006,2013,8,12712,11766,285,23655,438,23217,0,59891.212,253.0
620,Employers Mut Co Of Des Moines,2006,2014,9,12601,12169,0,23655,438,23217,0,59891.212,403.0
620,Employers Mut Co Of Des Moines,2006,2015,10,14264,12238,294,23655,438,23217,0,59891.212,69.0
620,Employers Mut Co Of Des Moines,2007,2007,1,11891,667,8633,23588,422,23166,0,59891.212,667.0
620,Employers Mut Co Of Des Moines,2007,2008,2,8553,1476,5460,23588,422,23166,0,59891.212,809.0
620,Employers Mut Co Of Des Moines,2007,2009,3,6033,2188,2378,23588,422,23166,0,59891.212,712.0
620,Employers Mut Co Of Des Moines,2007,2010,4,6166,2718,1339,23588,422,23166,0,59891.212,530.0
620,Employers Mut Co Of Des Moines,2007,2011,5,6472,5035,807,23588,422,23166,0,59891.212,2317.0
620,Employers Mut Co Of Des Moines,2007,2012,6,7051,5419,865,23588,422,23166,0,59891.212,384.0
620,Employers Mut Co Of Des Moines,2007,2013,7,8485,5640,1235,23588,422,23166,0,59891.212,221.0
620,Employers Mut Co Of Des Moines,2007,2014,8,6323,6224,0,23588,422,23166,0,59891.212,584.0
620,Employers Mut Co Of Des Moines,2007,2015,9,6819,6278,471,23588,422,23166,0,59891.212,54.0
620,Employers Mut Co Of Des Moines,2007,2016,10,6653,6301,310,23588,422,23166,0,59891.212,23.0
667,Everest Reins Grp,1998,1999,2,5,1,3,79,0,79,0,5050.853,1.0
667,Everest Reins Grp,1998,2001,4,7,2,3,79,0,79,0,5050.853,1.0
667,Everest Reins Grp,1998,2002,5,5,3,1,79,0,79,0,5050.853,1.0
667,Everest Reins Grp,1999,1999,1,194,5,156,332,0,332,0,5050.853,5.0
667,Everest Reins Grp,1999,2000,2,173,31,103,332,0,332,0,5050.853,26.0
667,Everest Reins Grp,1999,2001,3,266,69,116,332,0,332,0,5050.853,38.0
667,Everest Reins Grp,1999,2002,4,257,107,69,332,0,332,0,5050.853,38.0
667,Everest Reins Grp,1999,2003,5,139,115,-18,332,0,332,0,5050.853,8.0
667,Everest Reins Grp,1999,2004,6,241,137,64,332,0,332,0,5050.853,22.0
667,Everest Reins Grp,1999,2005,7,183,143,9,332,0,332,0,5050.853,6.0
667,Everest Reins Grp,1999,2006,8,187,149,6,332,0,332,0,5050.853,6.0
667,Everest Reins Grp,1999,2007,9,186,158,3,332,0,332,0,5050.853,9.0
667,Everest Reins Grp,1999,2008,10,180,159,2,332,0,332,0,5050.853,1.0
667,Everest Reins Grp,2000,2000,1,514,19,432,760,0,760,0,5050.853,19.0
667,Everest Reins Grp,2000,2001,2,672,60,417,760,0,760,0,5050.853,41.0
667,Everest Reins Grp,2000,2002,3,762,156,309,760,0,760,0,5050.853,96.0
667,Everest Reins Grp,2000,2003,4,367,198,44,760,0,760,0,5050.853,42.0
667,Everest Reins Grp,2000,2004,5,392,324,-55,760,0,760,0,5050.853,126.0
667,Everest Reins Grp,2000,2007,8,490,340,43,760,0,760,0,5050.853,34.0
667,Everest Reins Grp,2000,2008,9,454,349,31,760,0,760,0,5050.853,9.0
667,Everest Reins Grp,2000,2009,10,420,351,23,760,0,760,0,5050.853,2.0
667,Everest Reins Grp,2001,2001,1,525,9,461,792,0,792,0,5050.853,9.0
667,Everest Reins Grp,2001,2002,2,573,38,341,792,0,792,0,5050.853,29.0
667,Everest Reins Grp,2001,2003,3,346,80,161,792,0,792,0,5050.853,42.0
667,Everest Reins Grp,2001,2004,4,129,81,-48,792,0,792,0,5050.853,1.0
667,Everest Reins Grp,2001,2005,5,160,137,-94,792,0,792,0,5050.853,56.0
667,Everest Reins Grp,2001,2006,6,234,148,-4,792,0,792,0,5050.853,11.0
667,Everest Reins Grp,2001,2007,7,247,156,21,792,0,792,0,5050.853,8.0
667,Everest Reins Grp,2001,2008,8,227,169,16,792,0,792,0,5050.853,13.0
667,Everest Reins Grp,2001,2009,9,227,182,11,792,0,792,0,5050.853,13.0
667,Everest Reins Grp,2001,2010,10,214,191,8,792,0,792,0,5050.853,9.0
667,Everest Reins Grp,2002,2002,1,1895,39,1529,3405,1571,1834,0,5050.853,39.0
667,Everest Reins Grp,2002,2003,2,2454,150,1896,3405,1571,1834,0,5050.853,111.0
667,Everest Reins Grp,2002,2004,3,1830,401,854,3405,1571,1834,0,5050.853,251.0
667,Everest Reins Grp,2002,2005,4,1179,562,142,3405,1571,1834,0,5050.853,161.0
667,Everest Reins Grp,2002,2006,5,1239,692,193,3405,1571,1834,0,5050.853,130.0
667,Everest Reins Grp,2002,2007,6,1334,842,187,3405,1571,1834,0,5050.853,150.0
667,Everest Reins Grp,2002,2008,7,1247,948,93,3405,1571,1834,0,5050.853,106.0
667,Everest Reins Grp,2002,2009,8,1254,1009,54,3405,1571,1834,0,5050.853,61.0
667,Everest Reins Grp,2002,2010,9,1251,1168,9,3405,1571,1834,0,5050.853,159.0
667,Everest Reins Grp,2002,2011,10,1310,1170,57,3405,1571,1834,0,5050.853,2.0
667,Everest Reins Grp,2003,2003,1,118,20,87,195,825,-629,0,5050.853,20.0
667,Everest Reins Grp,2003,2004,2,87,26,42,195,825,-629,0,5050.853,6.0
667,Everest Reins Grp,2003,2005,3,96,31,40,195,825,-629,0,5050.853,5.0
667,Everest Reins Grp,2003,2006,4,63,38,16,195,825,-629,0,5050.853,7.0
667,Everest Reins Grp,2003,2007,5,62,43,10,195,825,-629,0,5050.853,5.0
667,Everest Reins Grp,2003,2008,6,59,48,4,195,825,-629,0,5050.853,5.0
667,Everest Reins Grp,2003,2009,7,59,50,4,195,825,-629,0,5050.853,2.0
667,Everest Reins Grp,2003,2010,8,63,58,1,195,825,-629,0,5050.853,8.0
667,Everest Reins Grp,2003,2012,10,68,59,3,195,825,-629,0,5050.853,1.0
667,Everest Reins Grp,2004,2004,1,2603,266,1905,8259,458,7801,0,5050.853,266.0
667,Everest Reins Grp,2004,2005,2,2652,467,1645,8259,458,7801,0,5050.853,201.0
667,Everest Reins Grp,2004,2006,3,1755,726,672,8259,458,7801,0,5050.853,259.0
667,Everest Reins Grp,2004,2007,4,1659,958,335,8259,458,7801,0,5050.853,232.0
667,Everest Reins Grp,2004,2008,5,1655,1194,156,8259,458,7801,0,5050.853,236.0
667,Everest Reins Grp,2004,2009,6,1797,1373,106,8259,458,7801,0,5050.853,179.0
667,Everest Reins Grp,2004,2010,7,1788,1722,-1,8259,458,7801,0,5050.853,349.0
667,Everest Reins Grp,2004,2011,8,2159,1803,176,8259,458,7801,0,5050.853,81.0
667,Everest Reins Grp,2004,2012,9,2172,1866,79,8259,458,7801,0,5050.853,63.0
667,Everest Reins Grp,2004,2013,10,2059,1934,34,8259,458,7801,0,5050.853,68.0
667,Everest Reins Grp,2005,2005,1,75,8,58,512,323,188,0,5050.853,8.0
667,Everest Reins Grp,2005,2006,2,36,11,20,512,323,188,0,5050.853,3.0
667,Everest Reins Grp,2005,2007,3,34,15,12,512,323,188,0,5050.853,4.0
667,Everest Reins Grp,2005,2008,4,33,20,7,512,323,188,0,5050.853,5.0
667,Everest Reins Grp,2005,2009,5,67,23,38,512,323,188,0,5050.853,3.0
667,Everest Reins Grp,2005,2010,6,47,30,12,512,323,188,0,5050.853,7.0
667,Everest Reins Grp,2005,2011,7,70,54,12,512,323,188,0,5050.853,24.0
667,Everest Reins Grp,2005,2012,8,138,117,16,512,323,188,0,5050.853,63.0
667,Everest Reins Grp,2005,2013,9,139,118,19,512,323,188,0,5050.853,1.0
667,Everest Reins Grp,2005,2014,10,127,119,8,512,323,188,0,5050.853,1.0
667,Everest Reins Grp,2006,2006,1,946,73,765,3767,891,2876,0,5050.853,73.0
667,Everest Reins Grp,2006,2007,2,946,231,537,3767,891,2876,0,5050.853,158.0
667,Everest Reins Grp,2006,2008,3,939,383,363,3767,891,2876,0,5050.853,152.0
667,Everest Reins Grp,2006,2009,4,1073,523,360,3767,891,2876,0,5050.853,140.0
667,Everest Reins Grp,2006,2010,5,944,699,161,3767,891,2876,0,5050.853,176.0
667,Everest Reins Grp,2006,2011,6,1294,797,348,3767,891,2876,0,5050.853,98.0
667,Everest Reins Grp,2006,2012,7,1833,1307,401,3767,891,2876,0,5050.853,510.0
667,Everest Reins Grp,2006,2013,8,1661,1377,245,3767,891,2876,0,5050.853,70.0
667,Everest Reins Grp,2006,2014,9,1552,1393,135,3767,891,2876,0,5050.853,16.0
667,Everest Reins Grp,2006,2015,10,1517,1409,83,3767,891,2876,0,5050.853,16.0
667,Everest Reins Grp,2007,2007,1,2354,211,1686,8812,3019,5794,0,5050.853,211.0
667,Everest Reins Grp,2007,2008,2,2050,696,829,8812,3019,5794,0,5050.853,485.0
667,Everest Reins Grp,2007,2009,3,8129,1099,2219,8812,3019,5794,0,5050.853,403.0
667,Everest Reins Grp,2007,2010,4,4255,2960,841,8812,3019,5794,0,5050.853,1861.0
667,Everest Reins Grp,2007,2011,5,4715,3403,886,8812,3019,5794,0,5050.853,443.0
667,Everest Reins Grp,2007,2012,6,5597,4156,1034,8812,3019,5794,0,5050.853,753.0
667,Everest Reins Grp,2007,2013,7,5412,4669,612,8812,3019,5794,0,5050.853,513.0
667,Everest Reins Grp,2007,2014,8,5155,4730,351,8812,3019,5794,0,5050.853,61.0
667,Everest Reins Grp,2007,2015,9,5078,4778,208,8812,3019,5794,0,5050.853,48.0
667,Everest Reins Grp,2007,2016,10,5031,4826,104,8812,3019,5794,0,5050.853,48.0
2143,Farmers Alliance Mut & Affiliates,1998,1998,1,96,3,70,519,62,457,0,72.169,3.0
2143,Farmers Alliance Mut & Affiliates,1998,1999,2,32,4,20,519,62,457,0,72.169,1.0
2143,Farmers Alliance Mut & Affiliates,1999,1999,1,116,18,60,469,56,413,0,72.169,18.0
2143,Farmers Alliance Mut & Affiliates,1999,2000,2,71,34,0,469,56,413,0,72.169,16.0
2143,Farmers Alliance Mut & Affiliates,1999,2001,3,53,37,0,469,56,413,0,72.169,3.0
2143,Farmers Alliance Mut & Affiliates,1999,2002,4,55,39,0,469,56,413,0,72.169,2.0
2143,Farmers Alliance Mut & Affiliates,1999,2003,5,56,40,0,469,56,413,0,72.169,1.0
2143,Farmers Alliance Mut & Affiliates,1999,2004,6,46,46,0,469,56,413,0,72.169,6.0
2143,Farmers Alliance Mut & Affiliates,2000,2000,1,90,13,0,452,61,391,0,72.169,13.0
2143,Farmers Alliance Mut & Affiliates,2000,2002,3,28,17,0,452,61,391,0,72.169,4.0
2143,Farmers Alliance Mut & Affiliates,2000,2003,4,41,30,0,452,61,391,0,72.169,13.0
2143,Farmers Alliance Mut & Affiliates,2000,2004,5,66,65,0,452,61,391,0,72.169,35.0
2143,Farmers Alliance Mut & Affiliates,2001,2001,1,44,5,0,477,109,368,0,72.169,5.0
2143,Farmers Alliance Mut & Affiliates,2001,2002,2,94,6,0,477,109,368,0,72.169,1.0
2143,Farmers Alliance Mut & Affiliates,2001,2003,3,118,44,0,477,109,368,0,72.169,38.0
2143,Farmers Alliance Mut & Affiliates,2001,2004,4,109,109,0,477,109,368,0,72.169,65.0
2143,Farmers Alliance Mut & Affiliates,2002,2002,1,81,14,0,309,101,208,0,72.169,14.0
2143,Farmers Alliance Mut & Affiliates,2002,2003,2,71,21,0,309,101,208,0,72.169,7.0
2143,Farmers Alliance Mut & Affiliates,2002,2004,3,33,33,0,309,101,208,0,72.169,12.0
2143,Farmers Alliance Mut & Affiliates,2002,2005,4,34,34,0,309,101,208,0,72.169,1.0
2143,Farmers Alliance Mut & Affiliates,2003,2003,1,8,8,0,144,67,78,0,72.169,8.0
2143,Farmers Alliance Mut & Affiliates,2003,2004,2,9,9,0,144,67,78,0,72.169,1.0
2143,Farmers Alliance Mut & Affiliates,2004,2004,1,18,2,0,132,99,33,0,72.169,2.0
2143,Farmers Alliance Mut & Affiliates,2004,2005,2,4,4,0,132,99,33,0,72.169,2.0
2143,Farmers Alliance Mut & Affiliates,2005,2005,1,25,25,0,125,128,-2,0,72.169,25.0
2143,Farmers Alliance Mut & Affiliates,2005,2006,2,316,207,0,125,128,-2,0,72.169,182.0
2143,Farmers Alliance Mut & Affiliates,2005,2008,4,282,216,0,125,128,-2,0,72.169,9.0
2143,Farmers Alliance Mut & Affiliates,2005,2009,5,286,220,0,125,128,-2,0,72.169,4.0
2143,Farmers Alliance Mut & Affiliates,2005,2010,6,291,225,0,125,128,-2,0,72.169,5.0
2143,Farmers Alliance Mut & Affiliates,2006,2006,1,125,125,0,128,67,61,0,72.169,125.0
2143,Farmers Alliance Mut & Affiliates,2007,2007,1,2,2,0,132,52,80,0,72.169,2.0
2143,Farmers Alliance Mut & Affiliates,2007,2008,2,24,24,0,132,52,80,0,72.169,22.0
1538,Farmers Automobile Grp,1998,1998,1,555,16,179,529,13,516,0,2190.498,16.0
1538,Farmers Automobile Grp,1998,1999,2,285,29,0,529,13,516,0,2190.498,13.0
1538,Farmers Automobile Grp,1998,2001,4,50,31,0,529,13,516,0,2190.498,2.0
1538,Farmers Automobile Grp,1998,2002,5,175,50,0,529,13,516,0,2190.498,19.0
1538,Farmers Automobile Grp,1998,2003,6,132,91,0,529,13,516,0,2190.498,41.0
1538,Farmers Automobile Grp,1998,2004,7,175,94,0,529,13,516,0,2190.498,3.0
1538,Farmers Automobile Grp,1998,2005,8,200,200,0,529,13,516,0,2190.498,106.0
1538,Farmers Automobile Grp,1999,1999,1,346,9,106,475,12,463,0,2190.498,9.0
1538,Farmers Automobile Grp,1999,2000,2,250,30,0,475,12,463,0,2190.498,21.0
1538,Farmers Automobile Grp,2000,2000,1,221,19,120,465,11,454,0,2190.498,19.0
1538,Farmers Automobile Grp,2000,2001,2,112,110,0,465,11,454,0,2190.498,91.0
1538,Farmers Automobile Grp,2001,2001,1,592,27,111,489,8,482,0,2190.498,27.0
1538,Farmers Automobile Grp,2001,2002,2,181,91,0,489,8,482,0,2190.498,64.0
1538,Farmers Automobile Grp,2001,2003,3,230,133,0,489,8,482,0,2190.498,42.0
1538,Farmers Automobile Grp,2001,2004,4,248,186,11,489,8,482,0,2190.498,53.0
1538,Farmers Automobile Grp,2001,2005,5,232,216,0,489,8,482,0,2190.498,30.0
1538,Farmers Automobile Grp,2001,2006,6,227,227,0,489,8,482,0,2190.498,11.0
1538,Farmers Automobile Grp,2002,2002,1,573,30,185,605,9,596,0,2190.498,30.0
1538,Farmers Automobile Grp,2002,2003,2,101,56,0,605,9,596,0,2190.498,26.0
1538,Farmers Automobile Grp,2003,2003,1,634,54,255,850,14,835,0,2190.498,54.0
1538,Farmers Automobile Grp,2003,2004,2,300,66,119,850,14,835,0,2190.498,12.0
1538,Farmers Automobile Grp,2003,2005,3,258,103,133,850,14,835,0,2190.498,37.0
1538,Farmers Automobile Grp,2003,2006,4,127,107,10,850,14,835,0,2190.498,4.0
1538,Farmers Automobile Grp,2003,2007,5,120,110,0,850,14,835,0,2190.498,3.0
1538,Farmers Automobile Grp,2003,2008,6,120,120,0,850,14,835,0,2190.498,10.0
1538,Farmers Automobile Grp,2004,2004,1,420,35,175,1123,21,1103,0,2190.498,35.0
1538,Farmers Automobile Grp,2004,2005,2,326,113,133,1123,21,1103,0,2190.498,78.0
1538,Farmers Automobile Grp,2004,2006,3,311,133,108,1123,21,1103,0,2190.498,20.0
1538,Farmers Automobile Grp,2004,2007,4,155,136,8,1123,21,1103,0,2190.498,3.0
1538,Farmers Automobile Grp,2004,2008,5,141,141,0,1123,21,1103,0,2190.498,5.0
1538,Farmers Automobile Grp,2004,2011,8,142,142,0,1123,21,1103,0,2190.498,1.0
1538,Farmers Automobile Grp,2005,2005,1,597,167,196,1303,20,1283,0,2190.498,167.0
1538,Farmers Automobile Grp,2005,2006,2,405,251,108,1303,20,1283,0,2190.498,84.0
1538,Farmers Automobile Grp,2005,2007,3,417,267,84,1303,20,1283,0,2190.498,16.0
1538,Farmers Automobile Grp,2005,2008,4,335,314,7,1303,20,1283,0,2190.498,47.0
1538,Farmers Automobile Grp,2005,2009,5,331,317,0,1303,20,1283,0,2190.498,3.0
1538,Farmers Automobile Grp,2005,2010,6,327,327,0,1303,20,1283,0,2190.498,10.0
1538,Farmers Automobile Grp,2005,2011,7,333,333,0,1303,20,1283,0,2190.498,6.0
1538,Farmers Automobile Grp,2006,2006,1,324,52,159,1204,6,1198,0,2190.498,52.0
1538,Farmers Automobile Grp,2006,2007,2,381,100,84,1204,6,1198,0,2190.498,48.0
1538,Farmers Automobile Grp,2006,2008,3,301,156,75,1204,6,1198,0,2190.498,56.0
1538,Farmers Automobile Grp,2006,2009,4,195,171,6,1204,6,1198,0,2190.498,15.0
1538,Farmers Automobile Grp,2006,2010,5,182,182,0,1204,6,1198,0,2190.498,11.0
1538,Farmers Automobile Grp,2007,2007,1,1744,91,124,933,0,932,0,2190.498,91.0
1538,Farmers Automobile Grp,2007,2008,2,1311,341,75,933,0,932,0,2190.498,250.0
1538,Farmers Automobile Grp,2007,2009,3,1676,365,70,933,0,932,0,2190.498,24.0
1538,Farmers Automobile Grp,2007,2010,4,1222,904,7,933,0,932,0,2190.498,539.0
1538,Farmers Automobile Grp,2007,2011,5,1204,1117,0,933,0,932,0,2190.498,213.0
1538,Farmers Automobile Grp,2007,2012,6,1150,1150,0,933,0,932,0,2190.498,33.0
388,Federal Ins Co Grp,1998,1998,1,111251,5503,85840,163302,25080,138222,0,844971.094,5503.0
388,Federal Ins Co Grp,1998,1999,2,145983,17833,49708,163302,25080,138222,0,844971.094,12330.0
388,Federal Ins Co Grp,1998,2000,3,165968,89299,19979,163302,25080,138222,0,844971.094,71466.0
388,Federal Ins Co Grp,1998,2001,4,161965,112242,13963,163302,25080,138222,0,844971.094,22943.0
388,Federal Ins Co Grp,1998,2002,5,175855,130949,5757,163302,25080,138222,0,844971.094,18707.0
388,Federal Ins Co Grp,1998,2003,6,185775,138520,2945,163302,25080,138222,0,844971.094,7571.0
388,Federal Ins Co Grp,1998,2004,7,197867,149617,3556,163302,25080,138222,0,844971.094,11097.0
388,Federal Ins Co Grp,1998,2005,8,204647,160559,7604,163302,25080,138222,0,844971.094,10942.0
388,Federal Ins Co Grp,1998,2006,9,181642,165822,4987,163302,25080,138222,0,844971.094,5263.0
388,Federal Ins Co Grp,1998,2007,10,181300,168971,5146,163302,25080,138222,0,844971.094,3149.0
388,Federal Ins Co Grp,1999,1999,1,122599,6111,94402,154714,28528,126186,0,844971.094,6111.0
388,Federal Ins Co Grp,1999,2000,2,158933,44570,53809,154714,28528,126186,0,844971.094,38459.0
388,Federal Ins Co Grp,1999,2001,3,163045,94100,16935,154714,28528,126186,0,844971.094,49530.0
388,Federal Ins Co Grp,1999,2002,4,201083,123971,10941,154714,28528,126186,0,844971.094,29871.0
388,Federal Ins Co Grp,1999,2003,5,217819,149759,4029,154714,28528,126186,0,844971.094,25788.0
388,Federal Ins Co Grp,1999,2004,6,246587,171378,4344,154714,28528,126186,0,844971.094,21619.0
388,Federal Ins Co Grp,1999,2005,7,256792,204943,8726,154714,28528,126186,0,844971.094,33565.0
388,Federal Ins Co Grp,1999,2006,8,231350,214112,6184,154714,28528,126186,0,844971.094,9169.0
388,Federal Ins Co Grp,1999,2007,9,236480,216645,9653,154714,28528,126186,0,844971.094,2533.0
388,Federal Ins Co Grp,1999,2008,10,230695,218048,6093,154714,28528,126186,0,844971.094,1403.0
388,Federal Ins Co Grp,2000,2000,1,126992,6824,82917,159488,30546,128942,0,844971.094,6824.0
388,Federal Ins Co Grp,2000,2001,2,101536,20652,46793,159488,30546,128942,0,844971.094,13828.0
388,Federal Ins Co Grp,2000,2002,3,112243,39472,17471,159488,30546,128942,0,844971.094,18820.0
388,Federal Ins Co Grp,2000,2003,4,109997,57674,5641,159488,30546,128942,0,844971.094,18202.0
388,Federal Ins Co Grp,2000,2004,5,118005,92315,5426,159488,30546,128942,0,844971.094,34641.0
388,Federal Ins Co Grp,2000,2005,6,127408,101372,8705,159488,30546,128942,0,844971.094,9057.0
388,Federal Ins Co Grp,2000,2006,7,128539,110715,7492,159488,30546,128942,0,844971.094,9343.0
388,Federal Ins Co Grp,2000,2007,8,131915,115358,8971,159488,30546,128942,0,844971.094,4643.0
388,Federal Ins Co Grp,2000,2008,9,131076,118040,7107,159488,30546,128942,0,844971.094,2682.0
388,Federal Ins Co Grp,2000,2009,10,131694,120453,6959,159488,30546,128942,0,844971.094,2413.0
388,Federal Ins Co Grp,2001,2001,1,83619,3164,65401,155906,32777,123129,0,844971.094,3164.0
388,Federal Ins Co Grp,2001,2002,2,75224,9900,36895,155906,32777,123129,0,844971.094,6736.0
388,Federal Ins Co Grp,2001,2003,3,76185,28019,15533,155906,32777,123129,0,844971.094,18119.0
388,Federal Ins Co Grp,2001,2004,4,79159,47440,6240,155906,32777,123129,0,844971.094,19421.0
388,Federal Ins Co Grp,2001,2005,5,100439,61471,10768,155906,32777,123129,0,844971.094,14031.0
388,Federal Ins Co Grp,2001,2006,6,91043,67130,9975,155906,32777,123129,0,844971.094,5659.0
388,Federal Ins Co Grp,2001,2007,7,92266,73237,9028,155906,32777,123129,0,844971.094,6107.0
388,Federal Ins Co Grp,2001,2008,8,95213,79621,8903,155906,32777,123129,0,844971.094,6384.0
388,Federal Ins Co Grp,2001,2009,9,95703,82010,9122,155906,32777,123129,0,844971.094,2389.0
388,Federal Ins Co Grp,2001,2010,10,94846,82605,8464,155906,32777,123129,0,844971.094,595.0
388,Federal Ins Co Grp,2002,2002,1,81011,2186,68205,182117,44292,137825,0,844971.094,2186.0
388,Federal Ins Co Grp,2002,2003,2,56614,12564,26572,182117,44292,137825,0,844971.094,10378.0
388,Federal Ins Co Grp,2002,2004,3,57936,26817,12406,182117,44292,137825,0,844971.094,14253.0
388,Federal Ins Co Grp,2002,2005,4,67388,36979,13003,182117,44292,137825,0,844971.094,10162.0
388,Federal Ins Co Grp,2002,2006,5,70030,45513,11234,182117,44292,137825,0,844971.094,8534.0
388,Federal Ins Co Grp,2002,2007,6,77056,53189,11347,182117,44292,137825,0,844971.094,7676.0
388,Federal Ins Co Grp,2002,2008,7,73782,57327,9099,182117,44292,137825,0,844971.094,4138.0
388,Federal Ins Co Grp,2002,2009,8,74123,58857,10399,182117,44292,137825,0,844971.094,1530.0
388,Federal Ins Co Grp,2002,2010,9,72796,60235,9202,182117,44292,137825,0,844971.094,1378.0
388,Federal Ins Co Grp,2002,2011,10,72569,61861,8823,182117,44292,137825,0,844971.094,1626.0
388,Federal Ins Co Grp,2003,2003,1,85090,4094,52263,214395,38443,175952,0,844971.094,4094.0
388,Federal Ins Co Grp,2003,2004,2,78255,20132,19219,214395,38443,175952,0,844971.094,16038.0
388,Federal Ins Co Grp,2003,2005,3,102333,42967,21644,214395,38443,175952,0,844971.094,22835.0
388,Federal Ins Co Grp,2003,2006,4,92487,52292,20995,214395,38443,175952,0,844971.094,9325.0
388,Federal Ins Co Grp,2003,2007,5,96808,66168,17108,214395,38443,175952,0,844971.094,13876.0
388,Federal Ins Co Grp,2003,2008,6,90835,69915,12809,214395,38443,175952,0,844971.094,3747.0
388,Federal Ins Co Grp,2003,2009,7,89467,71454,12974,214395,38443,175952,0,844971.094,1539.0
388,Federal Ins Co Grp,2003,2010,8,89934,73199,12282,214395,38443,175952,0,844971.094,1745.0
388,Federal Ins Co Grp,2003,2011,9,88738,73837,11502,214395,38443,175952,0,844971.094,638.0
388,Federal Ins Co Grp,2003,2012,10,87817,74684,9783,214395,38443,175952,0,844971.094,847.0
388,Federal Ins Co Grp,2004,2004,1,69442,4116,59495,236908,10703,226205,0,844971.094,4116.0
388,Federal Ins Co Grp,2004,2005,2,77918,12615,33331,236908,10703,226205,0,844971.094,8499.0
388,Federal Ins Co Grp,2004,2006,3,83064,27021,32665,236908,10703,226205,0,844971.094,14406.0
388,Federal Ins Co Grp,2004,2007,4,97842,46859,28268,236908,10703,226205,0,844971.094,19838.0
388,Federal Ins Co Grp,2004,2008,5,90392,56119,20229,236908,10703,226205,0,844971.094,9260.0
388,Federal Ins Co Grp,2004,2009,6,85835,60826,16923,236908,10703,226205,0,844971.094,4707.0
388,Federal Ins Co Grp,2004,2010,7,85423,62726,16999,236908,10703,226205,0,844971.094,1900.0
388,Federal Ins Co Grp,2004,2011,8,83545,65444,16075,236908,10703,226205,0,844971.094,2718.0
388,Federal Ins Co Grp,2004,2012,9,84144,66150,16850,236908,10703,226205,0,844971.094,706.0
388,Federal Ins Co Grp,2004,2013,10,80729,66274,13359,236908,10703,226205,0,844971.094,124.0
388,Federal Ins Co Grp,2005,2005,1,97357,2080,79195,268753,10055,258698,0,844971.094,2080.0
388,Federal Ins Co Grp,2005,2006,2,97174,12405,57765,268753,10055,258698,0,844971.094,10325.0
388,Federal Ins Co Grp,2005,2007,3,112644,25044,54751,268753,10055,258698,0,844971.094,12639.0
388,Federal Ins Co Grp,2005,2008,4,102265,40229,38348,268753,10055,258698,0,844971.094,15185.0
388,Federal Ins Co Grp,2005,2009,5,91598,53248,22452,268753,10055,258698,0,844971.094,13019.0
388,Federal Ins Co Grp,2005,2010,6,93002,64121,20503,268753,10055,258698,0,844971.094,10873.0
388,Federal Ins Co Grp,2005,2011,7,92077,67532,19003,268753,10055,258698,0,844971.094,3411.0
388,Federal Ins Co Grp,2005,2012,8,97502,71274,20390,268753,10055,258698,0,844971.094,3742.0
388,Federal Ins Co Grp,2005,2014,10,90429,71259,17273,268753,10055,258698,0,844971.094,537.0
388,Federal Ins Co Grp,2006,2006,1,108699,3719,88492,281991,6878,275113,0,844971.094,3719.0
388,Federal Ins Co Grp,2006,2007,2,127095,18493,79338,281991,6878,275113,0,844971.094,14774.0
388,Federal Ins Co Grp,2006,2008,3,119793,33785,57291,281991,6878,275113,0,844971.094,15292.0
388,Federal Ins Co Grp,2006,2009,4,121486,47499,49547,281991,6878,275113,0,844971.094,13714.0
388,Federal Ins Co Grp,2006,2010,5,119280,63675,39565,281991,6878,275113,0,844971.094,16176.0
388,Federal Ins Co Grp,2006,2011,6,115825,73375,32549,281991,6878,275113,0,844971.094,9700.0
388,Federal Ins Co Grp,2006,2012,7,114396,79295,24851,281991,6878,275113,0,844971.094,5920.0
388,Federal Ins Co Grp,2006,2013,8,114368,83117,23023,281991,6878,275113,0,844971.094,3822.0
388,Federal Ins Co Grp,2006,2014,9,122117,89526,22582,281991,6878,275113,0,844971.094,6409.0
388,Federal Ins Co Grp,2006,2015,10,120176,96229,14733,281991,6878,275113,0,844971.094,6703.0
78,Federated Mut Grp,1998,1998,1,29510,2220,19101,29573,0,29573,0,92391.12,2220.0
78,Federated Mut Grp,1998,1999,2,26346,4664,12854,29573,0,29573,0,92391.12,2444.0
78,Federated Mut Grp,1998,2000,3,19418,8719,4640,29573,0,29573,0,92391.12,4055.0
78,Federated Mut Grp,1998,2001,4,13941,11279,-1324,29573,0,29573,0,92391.12,2560.0
78,Federated Mut Grp,1998,2002,5,16984,13042,550,29573,0,29573,0,92391.12,1763.0
78,Federated Mut Grp,1998,2003,6,18460,13884,1226,29573,0,29573,0,92391.12,842.0
78,Federated Mut Grp,1998,2004,7,17021,14242,1246,29573,0,29573,0,92391.12,358.0
78,Federated Mut Grp,1998,2005,8,16123,14311,1088,29573,0,29573,0,92391.12,69.0
78,Federated Mut Grp,1998,2006,9,16116,14498,1025,29573,0,29573,0,92391.12,187.0
78,Federated Mut Grp,1998,2007,10,15298,14669,581,29573,0,29573,0,92391.12,171.0
78,Federated Mut Grp,1999,1999,1,20060,1780,15324,26274,0,26274,0,92391.12,1780.0
78,Federated Mut Grp,1999,2000,2,13806,2820,4548,26274,0,26274,0,92391.12,1040.0
78,Federated Mut Grp,1999,2001,3,15043,5018,2402,26274,0,26274,0,92391.12,2198.0
78,Federated Mut Grp,1999,2002,4,12359,8302,180,26274,0,26274,0,92391.12,3284.0
78,Federated Mut Grp,1999,2003,5,12888,9500,596,26274,0,26274,0,92391.12,1198.0
78,Federated Mut Grp,1999,2004,6,11989,11318,262,26274,0,26274,0,92391.12,1818.0
78,Federated Mut Grp,1999,2005,7,15677,14370,869,26274,0,26274,0,92391.12,3052.0
78,Federated Mut Grp,1999,2006,8,14373,14588,703,26274,0,26274,0,92391.12,218.0
78,Federated Mut Grp,1999,2008,10,14870,14039,661,26274,0,26274,0,92391.12,51.0
78,Federated Mut Grp,2000,2000,1,20001,2201,12561,27444,0,27444,0,92391.12,2201.0
78,Federated Mut Grp,2000,2001,2,20582,5396,7179,27444,0,27444,0,92391.12,3195.0
78,Federated Mut Grp,2000,2002,3,20138,8472,3341,27444,0,27444,0,92391.12,3076.0
78,Federated Mut Grp,2000,2003,4,21337,14172,2919,27444,0,27444,0,92391.12,5700.0
78,Federated Mut Grp,2000,2004,5,19398,15737,1223,27444,0,27444,0,92391.12,1565.0
78,Federated Mut Grp,2000,2005,6,21303,17897,1637,27444,0,27444,0,92391.12,2160.0
78,Federated Mut Grp,2000,2006,7,21926,19574,1227,27444,0,27444,0,92391.12,1677.0
78,Federated Mut Grp,2000,2007,8,22125,20019,1025,27444,0,27444,0,92391.12,445.0
78,Federated Mut Grp,2000,2008,9,22497,20418,844,27444,0,27444,0,92391.12,399.0
78,Federated Mut Grp,2000,2009,10,22279,21109,474,27444,0,27444,0,92391.12,691.0
78,Federated Mut Grp,2001,2001,1,25483,1863,18726,33356,0,33356,0,92391.12,1863.0
78,Federated Mut Grp,2001,2002,2,17440,5197,5696,33356,0,33356,0,92391.12,3334.0
78,Federated Mut Grp,2001,2003,3,15159,9739,1100,33356,0,33356,0,92391.12,4542.0
78,Federated Mut Grp,2001,2004,4,19358,11036,2880,33356,0,33356,0,92391.12,1297.0
78,Federated Mut Grp,2001,2005,5,18070,12092,2808,33356,0,33356,0,92391.12,1056.0
78,Federated Mut Grp,2001,2006,6,16784,12314,2184,33356,0,33356,0,92391.12,222.0
78,Federated Mut Grp,2001,2007,7,17222,13042,2059,33356,0,33356,0,92391.12,728.0
78,Federated Mut Grp,2001,2008,8,16931,14242,1302,33356,0,33356,0,92391.12,1200.0
78,Federated Mut Grp,2001,2009,9,16732,15063,658,33356,0,33356,0,92391.12,821.0
78,Federated Mut Grp,2001,2010,10,17080,15364,756,33356,0,33356,0,92391.12,301.0
78,Federated Mut Grp,2002,2002,1,31718,1991,23456,40039,0,40039,0,92391.12,1991.0
78,Federated Mut Grp,2002,2003,2,23098,5359,10239,40039,0,40039,0,92391.12,3368.0
78,Federated Mut Grp,2002,2004,3,22890,7788,5783,40039,0,40039,0,92391.12,2429.0
78,Federated Mut Grp,2002,2005,4,23946,9984,4775,40039,0,40039,0,92391.12,2196.0
78,Federated Mut Grp,2002,2006,5,22928,14952,3647,40039,0,40039,0,92391.12,4968.0
78,Federated Mut Grp,2002,2007,6,18570,16007,1410,40039,0,40039,0,92391.12,1055.0
78,Federated Mut Grp,2002,2008,7,18586,16092,1238,40039,0,40039,0,92391.12,85.0
78,Federated Mut Grp,2002,2009,8,17578,16166,800,40039,0,40039,0,92391.12,74.0
78,Federated Mut Grp,2002,2010,9,17209,16498,406,40039,0,40039,0,92391.12,332.0
78,Federated Mut Grp,2002,2011,10,17273,16589,441,40039,0,40039,0,92391.12,91.0
78,Federated Mut Grp,2003,2003,1,30199,1141,25158,43654,0,43654,0,92391.12,1141.0
78,Federated Mut Grp,2003,2004,2,18931,5236,8692,43654,0,43654,0,92391.12,4095.0
78,Federated Mut Grp,2003,2005,3,21322,7265,6078,43654,0,43654,0,92391.12,2029.0
78,Federated Mut Grp,2003,2006,4,18828,11738,3514,43654,0,43654,0,92391.12,4473.0
78,Federated Mut Grp,2003,2007,5,17325,12960,2392,43654,0,43654,0,92391.12,1222.0
78,Federated Mut Grp,2003,2008,6,15166,13353,1172,43654,0,43654,0,92391.12,393.0
78,Federated Mut Grp,2003,2009,7,14653,13706,687,43654,0,43654,0,92391.12,353.0
78,Federated Mut Grp,2003,2010,8,14737,13814,766,43654,0,43654,0,92391.12,108.0
78,Federated Mut Grp,2003,2011,9,14614,13917,401,43654,0,43654,0,92391.12,103.0
78,Federated Mut Grp,2003,2012,10,14341,13963,176,43654,0,43654,0,92391.12,46.0
78,Federated Mut Grp,2004,2004,1,34553,1301,28652,47172,0,47172,0,92391.12,1301.0
78,Federated Mut Grp,2004,2005,2,18184,2179,10218,47172,0,47172,0,92391.12,878.0
78,Federated Mut Grp,2004,2006,3,19278,5313,6003,47172,0,47172,0,92391.12,3134.0
78,Federated Mut Grp,2004,2007,4,19137,8166,4959,47172,0,47172,0,92391.12,2853.0
78,Federated Mut Grp,2004,2008,5,16913,10001,3101,47172,0,47172,0,92391.12,1835.0
78,Federated Mut Grp,2004,2009,6,14545,12102,1349,47172,0,47172,0,92391.12,2101.0
78,Federated Mut Grp,2004,2010,7,14509,12477,1141,47172,0,47172,0,92391.12,375.0
78,Federated Mut Grp,2004,2011,8,14181,13105,866,47172,0,47172,0,92391.12,628.0
78,Federated Mut Grp,2004,2012,9,13603,13143,302,47172,0,47172,0,92391.12,38.0
78,Federated Mut Grp,2004,2013,10,13378,13165,170,47172,0,47172,0,92391.12,22.0
78,Federated Mut Grp,2005,2005,1,29463,968,23689,48170,0,48170,0,92391.12,968.0
78,Federated Mut Grp,2005,2006,2,18809,3496,10227,48170,0,48170,0,92391.12,2528.0
78,Federated Mut Grp,2005,2007,3,14246,4853,4805,48170,0,48170,0,92391.12,1357.0
78,Federated Mut Grp,2005,2008,4,12459,6569,3184,48170,0,48170,0,92391.12,1716.0
78,Federated Mut Grp,2005,2009,5,11468,7533,2207,48170,0,48170,0,92391.12,964.0
78,Federated Mut Grp,2005,2010,6,10753,8549,1758,48170,0,48170,0,92391.12,1016.0
78,Federated Mut Grp,2005,2011,7,10701,8597,1680,48170,0,48170,0,92391.12,48.0
78,Federated Mut Grp,2005,2012,8,9820,8632,757,48170,0,48170,0,92391.12,35.0
78,Federated Mut Grp,2005,2013,9,9606,8699,640,48170,0,48170,0,92391.12,67.0
78,Federated Mut Grp,2005,2014,10,9352,8746,339,48170,0,48170,0,92391.12,47.0
78,Federated Mut Grp,2006,2006,1,25081,856,20075,46296,0,46296,0,92391.12,856.0
78,Federated Mut Grp,2006,2007,2,15159,2052,9709,46296,0,46296,0,92391.12,1196.0
78,Federated Mut Grp,2006,2008,3,12442,4259,4613,46296,0,46296,0,92391.12,2207.0
78,Federated Mut Grp,2006,2009,4,9806,5920,2449,46296,0,46296,0,92391.12,1661.0
78,Federated Mut Grp,2006,2010,5,10428,6743,2408,46296,0,46296,0,92391.12,823.0
78,Federated Mut Grp,2006,2011,6,10710,6828,2352,46296,0,46296,0,92391.12,85.0
78,Federated Mut Grp,2006,2012,7,10557,6958,1788,46296,0,46296,0,92391.12,130.0
78,Federated Mut Grp,2006,2013,8,8199,7316,795,46296,0,46296,0,92391.12,358.0
78,Federated Mut Grp,2006,2014,9,7763,7325,398,46296,0,46296,0,92391.12,9.0
78,Federated Mut Grp,2006,2015,10,7550,7327,202,46296,0,46296,0,92391.12,2.0
78,Federated Mut Grp,2007,2007,1,23380,1216,17464,43552,0,43552,0,92391.12,1216.0
78,Federated Mut Grp,2007,2008,2,18537,2450,10029,43552,0,43552,0,92391.12,1234.0
78,Federated Mut Grp,2007,2009,3,17977,4688,6035,43552,0,43552,0,92391.12,2238.0
78,Federated Mut Grp,2007,2010,4,18974,6620,4943,43552,0,43552,0,92391.12,1932.0
78,Federated Mut Grp,2007,2011,5,18037,10778,3532,43552,0,43552,0,92391.12,4158.0
78,Federated Mut Grp,2007,2012,6,16033,12078,2267,43552,0,43552,0,92391.12,1300.0
78,Federated Mut Grp,2007,2013,7,14219,12615,1161,43552,0,43552,0,92391.12,537.0
78,Federated Mut Grp,2007,2014,8,13381,12652,713,43552,0,43552,0,92391.12,37.0
78,Federated Mut Grp,2007,2015,9,13033,12653,376,43552,0,43552,0,92391.12,1.0
78,Federated Mut Grp,2007,2016,10,12813,12659,151,43552,0,43552,0,92391.12,6.0
5185,Grinnell Mut Grp,1998,1998,1,541,161,186,2365,44,2321,0,11633.816,161.0
5185,Grinnell Mut Grp,1998,1999,2,547,397,59,2365,44,2321,0,11633.816,236.0
5185,Grinnell Mut Grp,1998,2000,3,897,680,45,2365,44,2321,0,11633.816,283.0
5185,Grinnell Mut Grp,1998,2001,4,866,753,15,2365,44,2321,0,11633.816,73.0
5185,Grinnell Mut Grp,1998,2002,5,896,805,6,2365,44,2321,0,11633.816,52.0
5185,Grinnell Mut Grp,1998,2003,6,920,894,3,2365,44,2321,0,11633.816,89.0
5185,Grinnell Mut Grp,1998,2004,7,1173,1117,3,2365,44,2321,0,11633.816,223.0
5185,Grinnell Mut Grp,1998,2005,8,1196,1151,0,2365,44,2321,0,11633.816,34.0
5185,Grinnell Mut Grp,1998,2006,9,1314,1239,6,2365,44,2321,0,11633.816,88.0
5185,Grinnell Mut Grp,1998,2007,10,1324,1271,0,2365,44,2321,0,11633.816,32.0
5185,Grinnell Mut Grp,1999,1999,1,246,36,83,2398,42,2356,0,11633.816,36.0
5185,Grinnell Mut Grp,1999,2000,2,188,92,49,2398,42,2356,0,11633.816,56.0
5185,Grinnell Mut Grp,1999,2001,3,251,124,21,2398,42,2356,0,11633.816,32.0
5185,Grinnell Mut Grp,1999,2002,4,336,233,12,2398,42,2356,0,11633.816,109.0
5185,Grinnell Mut Grp,1999,2003,5,376,281,6,2398,42,2356,0,11633.816,48.0
5185,Grinnell Mut Grp,1999,2004,6,527,360,3,2398,42,2356,0,11633.816,79.0
5185,Grinnell Mut Grp,1999,2005,7,623,440,36,2398,42,2356,0,11633.816,80.0
5185,Grinnell Mut Grp,1999,2006,8,688,537,26,2398,42,2356,0,11633.816,97.0
5185,Grinnell Mut Grp,1999,2007,9,926,845,15,2398,42,2356,0,11633.816,308.0
5185,Grinnell Mut Grp,1999,2008,10,1009,969,0,2398,42,2356,0,11633.816,124.0
5185,Grinnell Mut Grp,2000,2000,1,767,173,362,2597,34,2563,0,11633.816,173.0
5185,Grinnell Mut Grp,2000,2001,2,632,406,171,2597,34,2563,0,11633.816,233.0
5185,Grinnell Mut Grp,2000,2002,3,716,624,45,2597,34,2563,0,11633.816,218.0
5185,Grinnell Mut Grp,2000,2003,4,723,637,42,2597,34,2563,0,11633.816,13.0
5185,Grinnell Mut Grp,2000,2004,5,716,644,13,2597,34,2563,0,11633.816,7.0
5185,Grinnell Mut Grp,2000,2005,6,765,654,43,2597,34,2563,0,11633.816,10.0
5185,Grinnell Mut Grp,2000,2006,7,921,674,108,2597,34,2563,0,11633.816,20.0
5185,Grinnell Mut Grp,2000,2007,8,845,730,65,2597,34,2563,0,11633.816,56.0
5185,Grinnell Mut Grp,2000,2008,9,912,761,15,2597,34,2563,0,11633.816,31.0
5185,Grinnell Mut Grp,2000,2009,10,1019,896,0,2597,34,2563,0,11633.816,135.0
5185,Grinnell Mut Grp,2001,2001,1,787,207,342,2910,44,2865,0,11633.816,207.0
5185,Grinnell Mut Grp,2001,2002,2,622,355,195,2910,44,2865,0,11633.816,148.0
5185,Grinnell Mut Grp,2001,2003,3,686,428,85,2910,44,2865,0,11633.816,73.0
5185,Grinnell Mut Grp,2001,2004,4,822,629,65,2910,44,2865,0,11633.816,201.0
5185,Grinnell Mut Grp,2001,2005,5,995,764,86,2910,44,2865,0,11633.816,135.0
5185,Grinnell Mut Grp,2001,2006,6,1238,833,236,2910,44,2865,0,11633.816,69.0
5185,Grinnell Mut Grp,2001,2007,7,1107,873,140,2910,44,2865,0,11633.816,40.0
5185,Grinnell Mut Grp,2001,2008,8,1113,937,55,2910,44,2865,0,11633.816,64.0
5185,Grinnell Mut Grp,2001,2009,9,1298,1045,15,2910,44,2865,0,11633.816,108.0
5185,Grinnell Mut Grp,2001,2010,10,1312,1261,0,2910,44,2865,0,11633.816,216.0
5185,Grinnell Mut Grp,2002,2002,1,602,113,295,3090,54,3037,0,11633.816,113.0
5185,Grinnell Mut Grp,2002,2003,2,1252,259,218,3090,54,3037,0,11633.816,146.0
5185,Grinnell Mut Grp,2002,2004,3,1367,974,117,3090,54,3037,0,11633.816,715.0
5185,Grinnell Mut Grp,2002,2005,4,1658,1123,207,3090,54,3037,0,11633.816,149.0
5185,Grinnell Mut Grp,2002,2006,5,1857,1318,340,3090,54,3037,0,11633.816,195.0
5185,Grinnell Mut Grp,2002,2007,6,1876,1405,225,3090,54,3037,0,11633.816,87.0
5185,Grinnell Mut Grp,2002,2008,7,1818,1597,120,3090,54,3037,0,11633.816,192.0
5185,Grinnell Mut Grp,2002,2009,8,1824,1623,105,3090,54,3037,0,11633.816,26.0
5185,Grinnell Mut Grp,2002,2010,9,1825,1720,0,3090,54,3037,0,11633.816,97.0
5185,Grinnell Mut Grp,2002,2011,10,2012,1935,0,3090,54,3037,0,11633.816,215.0
5185,Grinnell Mut Grp,2003,2003,1,863,206,436,3178,182,2996,0,11633.816,206.0
5185,Grinnell Mut Grp,2003,2004,2,934,316,352,3178,182,2996,0,11633.816,110.0
5185,Grinnell Mut Grp,2003,2005,3,1088,499,269,3178,182,2996,0,11633.816,183.0
5185,Grinnell Mut Grp,2003,2006,4,1654,693,485,3178,182,2996,0,11633.816,194.0
5185,Grinnell Mut Grp,2003,2007,5,1421,780,300,3178,182,2996,0,11633.816,87.0
5185,Grinnell Mut Grp,2003,2008,6,1351,964,145,3178,182,2996,0,11633.816,184.0
5185,Grinnell Mut Grp,2003,2009,7,1272,1017,120,3178,182,2996,0,11633.816,53.0
5185,Grinnell Mut Grp,2003,2010,8,1264,1078,55,3178,182,2996,0,11633.816,61.0
5185,Grinnell Mut Grp,2003,2011,9,1338,1207,0,3178,182,2996,0,11633.816,129.0
5185,Grinnell Mut Grp,2003,2012,10,1389,1317,0,3178,182,2996,0,11633.816,110.0
5185,Grinnell Mut Grp,2004,2004,1,1432,203,813,3636,98,3538,0,11633.816,203.0
5185,Grinnell Mut Grp,2004,2005,2,2062,539,774,3636,98,3538,0,11633.816,336.0
5185,Grinnell Mut Grp,2004,2006,3,3542,1385,1110,3636,98,3538,0,11633.816,846.0
5185,Grinnell Mut Grp,2004,2007,4,3832,2135,970,3636,98,3538,0,11633.816,750.0
5185,Grinnell Mut Grp,2004,2008,5,3240,2198,540,3636,98,3538,0,11633.816,63.0
5185,Grinnell Mut Grp,2004,2009,6,2788,2252,275,3636,98,3538,0,11633.816,54.0
5185,Grinnell Mut Grp,2004,2010,7,2772,2328,255,3636,98,3538,0,11633.816,76.0
5185,Grinnell Mut Grp,2004,2011,8,2536,2385,68,3636,98,3538,0,11633.816,57.0
5185,Grinnell Mut Grp,2004,2012,9,2419,2417,0,3636,98,3538,0,11633.816,32.0
5185,Grinnell Mut Grp,2004,2013,10,2437,2437,0,3636,98,3538,0,11633.816,20.0
5185,Grinnell Mut Grp,2005,2005,1,2525,221,1337,3904,118,3785,0,11633.816,221.0
5185,Grinnell Mut Grp,2005,2006,2,2765,535,1210,3904,118,3785,0,11633.816,314.0
5185,Grinnell Mut Grp,2005,2007,3,2272,829,810,3904,118,3785,0,11633.816,294.0
5185,Grinnell Mut Grp,2005,2008,4,2062,1068,490,3904,118,3785,0,11633.816,239.0
5185,Grinnell Mut Grp,2005,2009,5,1957,1275,345,3904,118,3785,0,11633.816,207.0
5185,Grinnell Mut Grp,2005,2010,6,1777,1336,195,3904,118,3785,0,11633.816,61.0
5185,Grinnell Mut Grp,2005,2011,7,1846,1415,130,3904,118,3785,0,11633.816,79.0
5185,Grinnell Mut Grp,2005,2012,8,1842,1597,53,3904,118,3785,0,11633.816,182.0
5185,Grinnell Mut Grp,2005,2013,9,1760,1630,0,3904,118,3785,0,11633.816,33.0
5185,Grinnell Mut Grp,2005,2014,10,1814,1814,0,3904,118,3785,0,11633.816,184.0
5185,Grinnell Mut Grp,2006,2006,1,3285,267,1720,4934,186,4748,0,11633.816,267.0
5185,Grinnell Mut Grp,2006,2007,2,3000,614,1470,4934,186,4748,0,11633.816,347.0
5185,Grinnell Mut Grp,2006,2008,3,2863,919,930,4934,186,4748,0,11633.816,305.0
5185,Grinnell Mut Grp,2006,2009,4,3372,1765,760,4934,186,4748,0,11633.816,846.0
5185,Grinnell Mut Grp,2006,2010,5,3825,2205,565,4934,186,4748,0,11633.816,440.0
5185,Grinnell Mut Grp,2006,2011,6,3753,2585,316,4934,186,4748,0,11633.816,380.0
5185,Grinnell Mut Grp,2006,2012,7,3306,2763,225,4934,186,4748,0,11633.816,178.0
5185,Grinnell Mut Grp,2006,2013,8,3422,2898,45,4934,186,4748,0,11633.816,135.0
5185,Grinnell Mut Grp,2006,2014,9,3319,3367,0,4934,186,4748,0,11633.816,469.0
5185,Grinnell Mut Grp,2007,2007,1,3634,258,1860,5612,198,5413,0,11633.816,258.0
5185,Grinnell Mut Grp,2007,2008,2,4801,756,2050,5612,198,5413,0,11633.816,498.0
5185,Grinnell Mut Grp,2007,2009,3,4830,1988,1620,5612,198,5413,0,11633.816,1232.0
5185,Grinnell Mut Grp,2007,2010,4,4166,2363,842,5612,198,5413,0,11633.816,375.0
5185,Grinnell Mut Grp,2007,2011,5,3711,2580,493,5612,198,5413,0,11633.816,217.0
5185,Grinnell Mut Grp,2007,2012,6,3283,2616,279,5612,198,5413,0,11633.816,36.0
5185,Grinnell Mut Grp,2007,2013,7,3049,2658,230,5612,198,5413,0,11633.816,42.0
5185,Grinnell Mut Grp,2007,2014,8,2830,2770,15,5612,198,5413,0,11633.816,112.0
5185,Grinnell Mut Grp,2007,2015,9,2782,2781,0,5612,198,5413,0,11633.816,11.0
5185,Grinnell Mut Grp,2007,2016,10,2912,2835,0,5612,198,5413,0,11633.816,54.0
14257,IMT Ins Co Mut,1998,1998,1,70,6,13,203,14,189,1,145.616,6.0
14257,IMT Ins Co Mut,1998,1999,2,99,19,20,203,14,189,1,145.616,13.0
14257,IMT Ins Co Mut,1998,2000,3,89,32,1,203,14,189,1,145.616,13.0
14257,IMT Ins Co Mut,1998,2001,4,47,45,2,203,14,189,1,145.616,13.0
14257,IMT Ins Co Mut,1999,1999,1,21,6,12,217,16,202,1,145.616,6.0
14257,IMT Ins Co Mut,1999,2000,2,28,16,2,217,16,202,1,145.616,10.0
14257,IMT Ins Co Mut,2000,2000,1,283,6,101,201,14,187,1,145.616,6.0
14257,IMT Ins Co Mut,2000,2002,3,188,10,10,201,14,187,1,145.616,5.0
14257,IMT Ins Co Mut,2000,2003,4,211,39,28,201,14,187,1,145.616,29.0
14257,IMT Ins Co Mut,2000,2004,5,190,181,10,201,14,187,1,145.616,142.0
14257,IMT Ins Co Mut,2000,2005,6,247,183,0,201,14,187,1,145.616,2.0
14257,IMT Ins Co Mut,2000,2006,7,214,214,0,201,14,187,1,145.616,31.0
14257,IMT Ins Co Mut,2001,2001,1,20,1,11,200,14,186,1,145.616,1.0
14257,IMT Ins Co Mut,2002,2002,1,199,6,69,259,19,240,1,145.616,6.0
14257,IMT Ins Co Mut,2002,2003,2,245,8,54,259,19,240,1,145.616,2.0
14257,IMT Ins Co Mut,2002,2004,3,289,215,21,259,19,240,1,145.616,207.0
14257,IMT Ins Co Mut,2002,2005,4,549,245,42,259,19,240,1,145.616,30.0
14257,IMT Ins Co Mut,2002,2006,5,639,588,42,259,19,240,1,145.616,343.0
14257,IMT Ins Co Mut,2002,2007,6,598,589,0,259,19,240,1,145.616,1.0
14257,IMT Ins Co Mut,2002,2008,7,600,600,0,259,19,240,1,145.616,11.0
14257,IMT Ins Co Mut,2003,2003,1,19,7,11,306,19,287,1,145.616,7.0
14257,IMT Ins Co Mut,2004,2004,1,137,26,59,448,28,420,1,145.616,26.0
14257,IMT Ins Co Mut,2004,2005,2,112,54,31,448,28,420,1,145.616,28.0
14257,IMT Ins Co Mut,2004,2006,3,116,65,15,448,28,420,1,145.616,11.0
14257,IMT Ins Co Mut,2004,2007,4,112,88,13,448,28,420,1,145.616,23.0
14257,IMT Ins Co Mut,2004,2008,5,93,93,0,448,28,420,1,145.616,5.0
14257,IMT Ins Co Mut,2005,2005,1,51,16,26,437,29,408,1,145.616,16.0
14257,IMT Ins Co Mut,2005,2008,4,38,17,3,437,29,408,1,145.616,1.0
14257,IMT Ins Co Mut,2005,2009,5,38,27,0,437,29,408,1,145.616,10.0
14257,IMT Ins Co Mut,2005,2010,6,34,34,0,437,29,408,1,145.616,7.0
14257,IMT Ins Co Mut,2006,2006,1,13,1,6,500,31,469,1,145.616,1.0
14257,IMT Ins Co Mut,2006,2007,2,48,16,13,500,31,469,1,145.616,15.0
14257,IMT Ins Co Mut,2006,2008,3,75,24,6,500,31,469,1,145.616,8.0
14257,IMT Ins Co Mut,2006,2009,4,114,89,1,500,31,469,1,145.616,65.0
14257,IMT Ins Co Mut,2006,2010,5,93,93,0,500,31,469,1,145.616,4.0
14257,IMT Ins Co Mut,2007,2007,1,52,3,29,474,15,459,1,145.616,3.0
14257,IMT Ins Co Mut,2007,2008,2,26,13,13,474,15,459,1,145.616,10.0
14257,IMT Ins Co Mut,2007,2009,3,15,14,1,474,15,459,1,145.616,1.0
14257,IMT Ins Co Mut,2007,2010,4,17,16,0,474,15,459,1,145.616,2.0
1066,Island Ins Cos Grp,1998,1999,2,57,15,22,998,28,970,0,6129.858,34.0
1066,Island Ins Cos Grp,1998,2000,3,248,61,173,998,28,970,0,6129.858,46.0
1066,Island Ins Cos Grp,1998,2001,4,210,82,68,998,28,970,0,6129.858,21.0
1066,Island Ins Cos Grp,1998,2002,5,215,182,0,998,28,970,0,6129.858,100.0
1066,Island Ins Cos Grp,1998,2003,6,204,187,0,998,28,970,0,6129.858,5.0
1066,Island Ins Cos Grp,1998,2004,7,300,200,100,998,28,970,0,6129.858,13.0
1066,Island Ins Cos Grp,1999,1999,1,873,11,761,874,18,856,0,6129.858,11.0
1066,Island Ins Cos Grp,1999,2000,2,134,27,26,874,18,856,0,6129.858,16.0
1066,Island Ins Cos Grp,1999,2001,3,138,101,0,874,18,856,0,6129.858,74.0
1066,Island Ins Cos Grp,1999,2002,4,548,237,60,874,18,856,0,6129.858,136.0
1066,Island Ins Cos Grp,1999,2003,5,648,395,0,874,18,856,0,6129.858,158.0
1066,Island Ins Cos Grp,1999,2004,6,1311,902,243,874,18,856,0,6129.858,507.0
1066,Island Ins Cos Grp,1999,2005,7,1279,1070,153,874,18,856,0,6129.858,168.0
1066,Island Ins Cos Grp,1999,2006,8,1192,1128,24,874,18,856,0,6129.858,58.0
1066,Island Ins Cos Grp,1999,2007,9,1377,1191,0,874,18,856,0,6129.858,63.0
1066,Island Ins Cos Grp,1999,2008,10,1943,1830,0,874,18,856,0,6129.858,639.0
1066,Island Ins Cos Grp,2000,2000,1,264,48,151,1006,23,983,0,6129.858,48.0
1066,Island Ins Cos Grp,2000,2001,2,658,540,90,1006,23,983,0,6129.858,492.0
1066,Island Ins Cos Grp,2000,2002,3,735,614,37,1006,23,983,0,6129.858,74.0
1066,Island Ins Cos Grp,2000,2003,4,1006,802,0,1006,23,983,0,6129.858,188.0
1066,Island Ins Cos Grp,2000,2004,5,1137,817,164,1006,23,983,0,6129.858,15.0
1066,Island Ins Cos Grp,2000,2005,6,1069,826,100,1006,23,983,0,6129.858,9.0
1066,Island Ins Cos Grp,2000,2006,7,845,827,19,1006,23,983,0,6129.858,1.0
1066,Island Ins Cos Grp,2000,2007,8,900,834,13,1006,23,983,0,6129.858,7.0
1066,Island Ins Cos Grp,2000,2008,9,1001,861,0,1006,23,983,0,6129.858,27.0
1066,Island Ins Cos Grp,2000,2009,10,1021,897,0,1006,23,983,0,6129.858,36.0
1066,Island Ins Cos Grp,2001,2001,1,767,202,492,1348,60,1288,0,6129.858,202.0
1066,Island Ins Cos Grp,2001,2002,2,501,351,32,1348,60,1288,0,6129.858,149.0
1066,Island Ins Cos Grp,2001,2003,3,577,444,0,1348,60,1288,0,6129.858,93.0
1066,Island Ins Cos Grp,2001,2004,4,1337,785,339,1348,60,1288,0,6129.858,341.0
1066,Island Ins Cos Grp,2001,2005,5,1259,970,241,1348,60,1288,0,6129.858,185.0
1066,Island Ins Cos Grp,2001,2006,6,1173,974,155,1348,60,1288,0,6129.858,4.0
1066,Island Ins Cos Grp,2001,2007,7,1077,1047,22,1348,60,1288,0,6129.858,73.0
1066,Island Ins Cos Grp,2001,2008,8,1052,1049,0,1348,60,1288,0,6129.858,2.0
1066,Island Ins Cos Grp,2002,2002,1,205,26,160,1603,27,1576,0,6129.858,26.0
1066,Island Ins Cos Grp,2002,2003,2,541,46,400,1603,27,1576,0,6129.858,20.0
1066,Island Ins Cos Grp,2002,2004,3,1090,160,683,1603,27,1576,0,6129.858,114.0
1066,Island Ins Cos Grp,2002,2005,4,924,443,226,1603,27,1576,0,6129.858,283.0
1066,Island Ins Cos Grp,2002,2006,5,816,709,58,1603,27,1576,0,6129.858,266.0
1066,Island Ins Cos Grp,2002,2007,6,1031,974,29,1603,27,1576,0,6129.858,265.0
1066,Island Ins Cos Grp,2002,2008,7,1061,1020,0,1603,27,1576,0,6129.858,46.0
1066,Island Ins Cos Grp,2002,2009,8,1246,1107,0,1603,27,1576,0,6129.858,87.0
1066,Island Ins Cos Grp,2002,2010,9,1539,1325,0,1603,27,1576,0,6129.858,218.0
1066,Island Ins Cos Grp,2003,2003,1,627,245,0,2063,90,1973,0,6129.858,245.0
1066,Island Ins Cos Grp,2003,2004,2,1234,408,381,2063,90,1973,0,6129.858,163.0
1066,Island Ins Cos Grp,2003,2005,3,1896,751,243,2063,90,1973,0,6129.858,343.0
1066,Island Ins Cos Grp,2003,2006,4,3311,936,467,2063,90,1973,0,6129.858,185.0
1066,Island Ins Cos Grp,2003,2007,5,3622,2500,188,2063,90,1973,0,6129.858,1564.0
1066,Island Ins Cos Grp,2003,2008,6,3587,3194,0,2063,90,1973,0,6129.858,694.0
1066,Island Ins Cos Grp,2003,2009,7,3742,3423,0,2063,90,1973,0,6129.858,229.0
1066,Island Ins Cos Grp,2003,2010,8,3646,3641,0,2063,90,1973,0,6129.858,218.0
1066,Island Ins Cos Grp,2003,2011,9,3698,3665,0,2063,90,1973,0,6129.858,24.0
1066,Island Ins Cos Grp,2003,2012,10,3778,3727,7,2063,90,1973,0,6129.858,62.0
1066,Island Ins Cos Grp,2004,2004,1,1137,85,714,2624,173,2450,0,6129.858,85.0
1066,Island Ins Cos Grp,2004,2005,2,940,205,407,2624,173,2450,0,6129.858,120.0
1066,Island Ins Cos Grp,2004,2006,3,954,572,127,2624,173,2450,0,6129.858,367.0
1066,Island Ins Cos Grp,2004,2007,4,1496,846,418,2624,173,2450,0,6129.858,274.0
1066,Island Ins Cos Grp,2004,2008,5,1513,1207,0,2624,173,2450,0,6129.858,361.0
1066,Island Ins Cos Grp,2004,2009,6,1541,1436,0,2624,173,2450,0,6129.858,229.0
1066,Island Ins Cos Grp,2004,2010,7,1518,1468,0,2624,173,2450,0,6129.858,32.0
1066,Island Ins Cos Grp,2004,2011,8,2037,1639,230,2624,173,2450,0,6129.858,171.0
1066,Island Ins Cos Grp,2004,2012,9,1853,1766,49,2624,173,2450,0,6129.858,127.0
1066,Island Ins Cos Grp,2004,2013,10,1909,1851,38,2624,173,2450,0,6129.858,85.0
1066,Island Ins Cos Grp,2005,2005,1,254,73,27,3017,152,2865,0,6129.858,73.0
1066,Island Ins Cos Grp,2005,2006,2,689,249,246,3017,152,2865,0,6129.858,176.0
1066,Island Ins Cos Grp,2005,2007,3,1732,553,597,3017,152,2865,0,6129.858,304.0
1066,Island Ins Cos Grp,2005,2008,4,1590,1012,450,3017,152,2865,0,6129.858,459.0
1066,Island Ins Cos Grp,2005,2009,5,1426,1244,109,3017,152,2865,0,6129.858,232.0
1066,Island Ins Cos Grp,2005,2010,6,1538,1303,131,3017,152,2865,0,6129.858,59.0
1066,Island Ins Cos Grp,2005,2011,7,2143,1491,349,3017,152,2865,0,6129.858,188.0
1066,Island Ins Cos Grp,2005,2012,8,2164,1591,77,3017,152,2865,0,6129.858,100.0
1066,Island Ins Cos Grp,2005,2013,9,2126,1964,60,3017,152,2865,0,6129.858,373.0
1066,Island Ins Cos Grp,2005,2014,10,2266,2110,39,3017,152,2865,0,6129.858,146.0
1066,Island Ins Cos Grp,2006,2006,1,602,195,253,3478,198,3280,0,6129.858,195.0
1066,Island Ins Cos Grp,2006,2007,2,1789,819,363,3478,198,3280,0,6129.858,624.0
1066,Island Ins Cos Grp,2006,2008,3,2271,1280,348,3478,198,3280,0,6129.858,461.0
1066,Island Ins Cos Grp,2006,2009,4,1864,1446,308,3478,198,3280,0,6129.858,166.0
1066,Island Ins Cos Grp,2006,2010,5,2055,1883,123,3478,198,3280,0,6129.858,437.0
1066,Island Ins Cos Grp,2006,2011,6,2003,1886,114,3478,198,3280,0,6129.858,3.0
1066,Island Ins Cos Grp,2006,2012,7,1975,1892,83,3478,198,3280,0,6129.858,6.0
1066,Island Ins Cos Grp,2006,2014,9,1986,1896,90,3478,198,3280,0,6129.858,4.0
1066,Island Ins Cos Grp,2007,2007,1,1230,70,1007,3040,158,2882,0,6129.858,70.0
1066,Island Ins Cos Grp,2007,2008,2,1680,417,908,3040,158,2882,0,6129.858,347.0
1066,Island Ins Cos Grp,2007,2009,3,1195,870,220,3040,158,2882,0,6129.858,453.0
1066,Island Ins Cos Grp,2007,2010,4,1042,969,49,3040,158,2882,0,6129.858,99.0
1066,Island Ins Cos Grp,2007,2011,5,1245,989,186,3040,158,2882,0,6129.858,20.0
1066,Island Ins Cos Grp,2007,2012,6,1334,1037,156,3040,158,2882,0,6129.858,48.0
1066,Island Ins Cos Grp,2007,2013,7,1241,1127,92,3040,158,2882,0,6129.858,90.0
1066,Island Ins Cos Grp,2007,2014,8,1197,1138,56,3040,158,2882,0,6129.858,11.0
1066,Island Ins Cos Grp,2007,2015,9,1180,1139,41,3040,158,2882,0,6129.858,1.0
1066,Island Ins Cos Grp,2007,2016,10,1170,1142,24,3040,158,2882,0,6129.858,3.0
8559,Millers Mut Ins Assoc,1998,1998,1,567,164,164,1044,0,1044,0,305.956,164.0
8559,Millers Mut Ins Assoc,2000,2000,1,107,27,59,547,82,465,0,305.956,27.0
8559,Millers Mut Ins Assoc,2000,2001,2,263,45,15,547,82,465,0,305.956,18.0
8559,Millers Mut Ins Assoc,2000,2002,3,594,293,3,547,82,465,0,305.956,248.0
8559,Millers Mut Ins Assoc,2000,2003,4,854,332,0,547,82,465,0,305.956,39.0
8559,Millers Mut Ins Assoc,2000,2004,5,883,361,0,547,82,465,0,305.956,29.0
8559,Millers Mut Ins Assoc,2000,2005,6,732,517,0,547,82,465,0,305.956,156.0
8559,Millers Mut Ins Assoc,2000,2006,7,708,707,0,547,82,465,0,305.956,190.0
8559,Millers Mut Ins Assoc,2001,2001,1,441,198,88,727,86,641,0,305.956,198.0
8559,Millers Mut Ins Assoc,2001,2002,2,331,306,1,727,86,641,0,305.956,108.0
8559,Millers Mut Ins Assoc,2001,2003,3,437,325,0,727,86,641,0,305.956,19.0
8559,Millers Mut Ins Assoc,2001,2004,4,415,340,0,727,86,641,0,305.956,15.0
8559,Millers Mut Ins Assoc,2001,2005,5,428,357,0,727,86,641,0,305.956,17.0
8559,Millers Mut Ins Assoc,2001,2006,6,649,649,0,727,86,641,0,305.956,292.0
8559,Millers Mut Ins Assoc,2001,2007,7,659,659,0,727,86,641,0,305.956,10.0
8559,Millers Mut Ins Assoc,2002,2002,1,173,6,11,97,22,75,0,305.956,6.0
8559,Millers Mut Ins Assoc,2002,2003,2,145,71,0,97,22,75,0,305.956,65.0
8559,Millers Mut Ins Assoc,2002,2004,3,152,78,0,97,22,75,0,305.956,7.0
8559,Millers Mut Ins Assoc,2002,2005,4,170,99,0,97,22,75,0,305.956,21.0
8559,Millers Mut Ins Assoc,2002,2006,5,175,103,0,97,22,75,0,305.956,4.0
8559,Millers Mut Ins Assoc,2002,2007,6,175,104,0,97,22,75,0,305.956,1.0
8559,Millers Mut Ins Assoc,2002,2008,7,171,171,0,97,22,75,0,305.956,67.0
23663,National American Ins Co,1998,1998,1,621,62,389,2335,601,1734,1,2325.049,62.0
23663,National American Ins Co,1998,1999,2,845,539,201,2335,601,1734,1,2325.049,477.0
23663,National American Ins Co,1998,2000,3,841,756,7,2335,601,1734,1,2325.049,217.0
23663,National American Ins Co,1998,2001,4,923,839,8,2335,601,1734,1,2325.049,83.0
23663,National American Ins Co,1998,2002,5,1230,1222,0,2335,601,1734,1,2325.049,383.0
23663,National American Ins Co,1998,2003,6,1405,1398,0,2335,601,1734,1,2325.049,176.0
23663,National American Ins Co,1998,2004,7,1568,1550,18,2335,601,1734,1,2325.049,152.0
23663,National American Ins Co,1999,1999,1,783,32,739,4259,1340,2919,1,2325.049,32.0
23663,National American Ins Co,1999,2000,2,318,52,265,4259,1340,2919,1,2325.049,20.0
23663,National American Ins Co,1999,2001,3,168,56,112,4259,1340,2919,1,2325.049,4.0
23663,National American Ins Co,1999,2002,4,123,70,44,4259,1340,2919,1,2325.049,14.0
23663,National American Ins Co,1999,2003,5,195,147,39,4259,1340,2919,1,2325.049,77.0
23663,National American Ins Co,1999,2004,6,230,168,53,4259,1340,2919,1,2325.049,21.0
23663,National American Ins Co,1999,2005,7,242,212,13,4259,1340,2919,1,2325.049,44.0
23663,National American Ins Co,1999,2006,8,282,273,0,4259,1340,2919,1,2325.049,61.0
23663,National American Ins Co,1999,2007,9,305,296,0,4259,1340,2919,1,2325.049,23.0
23663,National American Ins Co,1999,2008,10,433,433,0,4259,1340,2919,1,2325.049,137.0
23663,National American Ins Co,2000,2000,1,1081,26,1048,6375,2885,3490,1,2325.049,26.0
23663,National American Ins Co,2000,2001,2,667,278,384,6375,2885,3490,1,2325.049,252.0
23663,National American Ins Co,2000,2002,3,439,409,26,6375,2885,3490,1,2325.049,131.0
23663,National American Ins Co,2000,2003,4,786,741,46,6375,2885,3490,1,2325.049,332.0
23663,National American Ins Co,2000,2004,5,1230,1019,187,6375,2885,3490,1,2325.049,278.0
23663,National American Ins Co,2000,2005,6,1324,1230,89,6375,2885,3490,1,2325.049,211.0
23663,National American Ins Co,2000,2007,8,1297,1293,4,6375,2885,3490,1,2325.049,75.0
23663,National American Ins Co,2000,2008,9,1306,1298,0,6375,2885,3490,1,2325.049,5.0
23663,National American Ins Co,2000,2009,10,1391,1391,0,6375,2885,3490,1,2325.049,93.0
23663,National American Ins Co,2001,2001,1,965,70,872,6747,3424,3323,1,2325.049,70.0
23663,National American Ins Co,2001,2002,2,256,130,112,6747,3424,3323,1,2325.049,60.0
23663,National American Ins Co,2001,2003,3,476,322,116,6747,3424,3323,1,2325.049,192.0
23663,National American Ins Co,2001,2004,4,1209,788,372,6747,3424,3323,1,2325.049,466.0
23663,National American Ins Co,2001,2005,5,1184,989,178,6747,3424,3323,1,2325.049,201.0
23663,National American Ins Co,2001,2007,7,1215,1206,9,6747,3424,3323,1,2325.049,232.0
23663,National American Ins Co,2002,2002,1,900,12,886,5858,2498,3360,1,2325.049,12.0
23663,National American Ins Co,2002,2003,2,498,45,360,5858,2498,3360,1,2325.049,33.0
23663,National American Ins Co,2002,2004,3,856,231,371,5858,2498,3360,1,2325.049,186.0
23663,National American Ins Co,2002,2005,4,731,484,245,5858,2498,3360,1,2325.049,253.0
23663,National American Ins Co,2002,2006,5,594,519,67,5858,2498,3360,1,2325.049,35.0
23663,National American Ins Co,2002,2007,6,578,542,36,5858,2498,3360,1,2325.049,23.0
23663,National American Ins Co,2002,2010,9,543,543,0,5858,2498,3360,1,2325.049,1.0
23663,National American Ins Co,2003,2003,1,918,1,909,5221,2369,2852,1,2325.049,1.0
23663,National American Ins Co,2003,2004,2,577,4,357,5221,2369,2852,1,2325.049,3.0
23663,National American Ins Co,2003,2005,3,350,5,345,5221,2369,2852,1,2325.049,1.0
23663,National American Ins Co,2003,2007,5,89,11,71,5221,2369,2852,1,2325.049,6.0
23663,National American Ins Co,2003,2008,6,57,49,8,5221,2369,2852,1,2325.049,38.0
23663,National American Ins Co,2003,2010,8,60,55,5,5221,2369,2852,1,2325.049,6.0
23663,National American Ins Co,2003,2011,9,124,117,0,5221,2369,2852,1,2325.049,62.0
23663,National American Ins Co,2003,2012,10,196,196,0,5221,2369,2852,1,2325.049,79.0
23663,National American Ins Co,2004,2005,2,594,1,593,5796,1953,3843,1,2325.049,1.0
23663,National American Ins Co,2004,2006,3,267,7,253,5796,1953,3843,1,2325.049,6.0
23663,National American Ins Co,2004,2007,4,194,11,176,5796,1953,3843,1,2325.049,4.0
23663,National American Ins Co,2004,2008,5,87,13,54,5796,1953,3843,1,2325.049,2.0
23663,National American Ins Co,2004,2009,6,119,95,17,5796,1953,3843,1,2325.049,82.0
23663,National American Ins Co,2004,2010,7,104,97,7,5796,1953,3843,1,2325.049,2.0
23663,National American Ins Co,2005,2005,1,687,3,670,5636,1819,3817,1,2325.049,3.0
23663,National American Ins Co,2005,2007,3,348,16,332,5636,1819,3817,1,2325.049,13.0
23663,National American Ins Co,2005,2008,4,175,25,150,5636,1819,3817,1,2325.049,9.0
23663,National American Ins Co,2005,2009,5,110,49,61,5636,1819,3817,1,2325.049,24.0
23663,National American Ins Co,2005,2013,9,83,83,0,5636,1819,3817,1,2325.049,34.0
23663,National American Ins Co,2006,2007,2,684,1,677,5358,1690,3668,1,2325.049,1.0
23663,National American Ins Co,2006,2008,3,294,72,222,5358,1690,3668,1,2325.049,71.0
23663,National American Ins Co,2006,2009,4,285,93,123,5358,1690,3668,1,2325.049,21.0
23663,National American Ins Co,2006,2010,5,211,150,28,5358,1690,3668,1,2325.049,57.0
23663,National American Ins Co,2006,2011,6,307,287,20,5358,1690,3668,1,2325.049,137.0
23663,National American Ins Co,2006,2012,7,293,292,1,5358,1690,3668,1,2325.049,5.0
23663,National American Ins Co,2007,2007,1,911,1,904,5422,1689,3733,1,2325.049,1.0
23663,National American Ins Co,2007,2008,2,586,10,538,5422,1689,3733,1,2325.049,9.0
23663,National American Ins Co,2007,2009,3,467,73,394,5422,1689,3733,1,2325.049,63.0
23663,National American Ins Co,2007,2010,4,177,75,102,5422,1689,3733,1,2325.049,2.0
23663,National American Ins Co,2007,2012,6,116,95,21,5422,1689,3733,1,2325.049,20.0
32301,Nichido Fire & Marine Ins Co Ltd,1998,1998,1,124,21,91,135,0,135,1,235.244,21.0
32301,Nichido Fire & Marine Ins Co Ltd,1998,1999,2,234,78,105,135,0,135,1,235.244,57.0
32301,Nichido Fire & Marine Ins Co Ltd,1998,2000,3,278,112,72,135,0,135,1,235.244,34.0
32301,Nichido Fire & Marine Ins Co Ltd,1998,2002,5,700,227,425,135,0,135,1,235.244,115.0
32301,Nichido Fire & Marine Ins Co Ltd,1998,2003,6,934,284,603,135,0,135,1,235.244,57.0
32301,Nichido Fire & Marine Ins Co Ltd,1998,2004,7,355,304,35,135,0,135,1,235.244,20.0
32301,Nichido Fire & Marine Ins Co Ltd,1998,2005,8,371,324,31,135,0,135,1,235.244,20.0
32301,Nichido Fire & Marine Ins Co Ltd,1998,2006,9,384,348,30,135,0,135,1,235.244,24.0
32301,Nichido Fire & Marine Ins Co Ltd,1998,2007,10,410,385,25,135,0,135,1,235.244,37.0
32301,Nichido Fire & Marine Ins Co Ltd,1999,1999,1,177,22,155,144,0,144,1,235.244,22.0
32301,Nichido Fire & Marine Ins Co Ltd,1999,2000,2,1497,576,615,144,0,144,1,235.244,554.0
32301,Nichido Fire & Marine Ins Co Ltd,1999,2001,3,987,797,82,144,0,144,1,235.244,221.0
32301,Nichido Fire & Marine Ins Co Ltd,1999,2002,4,1994,1072,270,144,0,144,1,235.244,275.0
32301,Nichido Fire & Marine Ins Co Ltd,1999,2003,5,2024,1568,160,144,0,144,1,235.244,496.0
32301,Nichido Fire & Marine Ins Co Ltd,1999,2004,6,1776,1590,164,144,0,144,1,235.244,22.0
32301,Nichido Fire & Marine Ins Co Ltd,1999,2005,7,1708,1613,71,144,0,144,1,235.244,23.0
32301,Nichido Fire & Marine Ins Co Ltd,1999,2006,8,1727,1652,67,144,0,144,1,235.244,39.0
32301,Nichido Fire & Marine Ins Co Ltd,1999,2007,9,1798,1741,57,144,0,144,1,235.244,89.0
32301,Nichido Fire & Marine Ins Co Ltd,2000,2000,1,120,2,118,176,37,139,1,235.244,2.0
32301,Nichido Fire & Marine Ins Co Ltd,2000,2001,2,650,364,168,176,37,139,1,235.244,362.0
32301,Nichido Fire & Marine Ins Co Ltd,2000,2002,3,2249,1181,597,176,37,139,1,235.244,817.0
32301,Nichido Fire & Marine Ins Co Ltd,2000,2003,4,2309,1338,292,176,37,139,1,235.244,157.0
32301,Nichido Fire & Marine Ins Co Ltd,2000,2004,5,1603,1361,225,176,37,139,1,235.244,23.0
32301,Nichido Fire & Marine Ins Co Ltd,2000,2005,6,1473,1386,72,176,37,139,1,235.244,25.0
32301,Nichido Fire & Marine Ins Co Ltd,2000,2006,7,1491,1416,64,176,37,139,1,235.244,30.0
32301,Nichido Fire & Marine Ins Co Ltd,2000,2007,8,1510,1451,59,176,37,139,1,235.244,35.0
32301,Nichido Fire & Marine Ins Co Ltd,2001,2001,1,195,22,171,255,12,243,1,235.244,22.0
32301,Nichido Fire & Marine Ins Co Ltd,2001,2002,2,544,121,189,255,12,243,1,235.244,99.0
32301,Nichido Fire & Marine Ins Co Ltd,2001,2003,3,510,123,141,255,12,243,1,235.244,2.0
32301,Nichido Fire & Marine Ins Co Ltd,2001,2004,4,514,147,354,255,12,243,1,235.244,24.0
32301,Nichido Fire & Marine Ins Co Ltd,2001,2005,5,471,172,86,255,12,243,1,235.244,25.0
32301,Nichido Fire & Marine Ins Co Ltd,2001,2006,6,280,197,75,255,12,243,1,235.244,25.0
32301,Nichido Fire & Marine Ins Co Ltd,2001,2007,7,300,230,70,255,12,243,1,235.244,33.0
32301,Nichido Fire & Marine Ins Co Ltd,2002,2002,1,71,5,57,38,0,38,1,235.244,5.0
32301,Nichido Fire & Marine Ins Co Ltd,2002,2003,2,85,14,55,38,0,38,1,235.244,9.0
32301,Nichido Fire & Marine Ins Co Ltd,2002,2004,3,88,30,41,38,0,38,1,235.244,16.0
32301,Nichido Fire & Marine Ins Co Ltd,2002,2005,4,81,56,13,38,0,38,1,235.244,26.0
32301,Nichido Fire & Marine Ins Co Ltd,2002,2006,5,86,76,1,38,0,38,1,235.244,20.0
32301,Nichido Fire & Marine Ins Co Ltd,2002,2007,6,97,97,0,38,0,38,1,235.244,21.0
32301,Nichido Fire & Marine Ins Co Ltd,2003,2003,1,124,25,77,41,0,41,1,235.244,25.0
32301,Nichido Fire & Marine Ins Co Ltd,2003,2004,2,104,30,61,41,0,41,1,235.244,5.0
32301,Nichido Fire & Marine Ins Co Ltd,2003,2005,3,83,41,24,41,0,41,1,235.244,11.0
32301,Nichido Fire & Marine Ins Co Ltd,2003,2006,4,291,68,8,41,0,41,1,235.244,27.0
32301,Nichido Fire & Marine Ins Co Ltd,2003,2007,5,115,115,0,41,0,41,1,235.244,47.0
32301,Nichido Fire & Marine Ins Co Ltd,2004,2004,1,153,29,86,132,0,132,1,235.244,29.0
32301,Nichido Fire & Marine Ins Co Ltd,2004,2005,2,110,40,33,132,0,132,1,235.244,11.0
32301,Nichido Fire & Marine Ins Co Ltd,2004,2006,3,80,50,18,132,0,132,1,235.244,10.0
32301,Nichido Fire & Marine Ins Co Ltd,2004,2007,4,61,61,0,132,0,132,1,235.244,11.0
32301,Nichido Fire & Marine Ins Co Ltd,2005,2005,1,71,9,39,-62,-28,-34,1,235.244,9.0
32301,Nichido Fire & Marine Ins Co Ltd,2006,2006,1,45,9,36,32,14,18,1,235.244,9.0
32301,Nichido Fire & Marine Ins Co Ltd,2006,2007,2,24,24,0,32,14,18,1,235.244,15.0
32301,Nichido Fire & Marine Ins Co Ltd,2007,2010,4,5,5,0,10,0,10,1,235.244,5.0
6980,North Star Co,1998,1998,1,227,132,25,159,0,159,0,706.474,132.0
6980,North Star Co,1998,1999,2,423,233,85,159,0,159,0,706.474,101.0
6980,North Star Co,1998,2000,3,274,260,4,159,0,159,0,706.474,27.0
6980,North Star Co,1998,2002,5,265,265,0,159,0,159,0,706.474,5.0
6980,North Star Co,1998,2005,8,273,267,1,159,0,159,0,706.474,2.0
6980,North Star Co,1998,2006,9,279,279,0,159,0,159,0,706.474,12.0
6980,North Star Co,1999,1999,1,314,166,65,78,4,74,0,706.474,166.0
6980,North Star Co,1999,2000,2,290,217,20,78,4,74,0,706.474,51.0
6980,North Star Co,1999,2001,3,291,218,23,78,4,74,0,706.474,1.0
6980,North Star Co,1999,2002,4,291,223,18,78,4,74,0,706.474,5.0
6980,North Star Co,1999,2005,7,225,224,1,78,4,74,0,706.474,1.0
6980,North Star Co,1999,2007,9,242,226,1,78,4,74,0,706.474,2.0
6980,North Star Co,1999,2008,10,265,260,0,78,4,74,0,706.474,34.0
6980,North Star Co,2000,2000,1,264,170,42,168,24,144,0,706.474,170.0
6980,North Star Co,2000,2001,2,403,291,27,168,24,144,0,706.474,121.0
6980,North Star Co,2000,2002,3,326,320,2,168,24,144,0,706.474,29.0
6980,North Star Co,2000,2003,4,324,321,2,168,24,144,0,706.474,1.0
6980,North Star Co,2000,2004,5,337,326,5,168,24,144,0,706.474,5.0
6980,North Star Co,2000,2005,6,347,332,4,168,24,144,0,706.474,6.0
6980,North Star Co,2000,2006,7,353,346,1,168,24,144,0,706.474,14.0
6980,North Star Co,2000,2007,8,361,349,1,168,24,144,0,706.474,3.0
6980,North Star Co,2001,2001,1,179,153,11,155,24,131,0,706.474,153.0
6980,North Star Co,2001,2002,2,181,174,2,155,24,131,0,706.474,21.0
6980,North Star Co,2001,2003,3,188,177,4,155,24,131,0,706.474,3.0
6980,North Star Co,2001,2004,4,196,186,5,155,24,131,0,706.474,9.0
6980,North Star Co,2001,2005,5,211,198,3,155,24,131,0,706.474,12.0
6980,North Star Co,2001,2006,6,229,203,1,155,24,131,0,706.474,5.0
6980,North Star Co,2001,2007,7,215,209,1,155,24,131,0,706.474,6.0
6980,North Star Co,2001,2008,8,216,210,1,155,24,131,0,706.474,1.0
6980,North Star Co,2001,2009,9,242,216,1,155,24,131,0,706.474,6.0
6980,North Star Co,2001,2010,10,235,220,0,155,24,131,0,706.474,4.0
6980,North Star Co,2002,2002,1,149,123,6,178,28,150,0,706.474,123.0
6980,North Star Co,2002,2003,2,173,140,8,178,28,150,0,706.474,17.0
6980,North Star Co,2002,2005,4,162,158,4,178,28,150,0,706.474,18.0
6980,North Star Co,2002,2007,6,164,160,4,178,28,150,0,706.474,2.0
6980,North Star Co,2003,2003,1,131,92,19,209,30,179,0,706.474,92.0
6980,North Star Co,2003,2004,2,153,116,17,209,30,179,0,706.474,24.0
6980,North Star Co,2003,2005,3,228,138,8,209,30,179,0,706.474,22.0
6980,North Star Co,2003,2006,4,242,158,4,209,30,179,0,706.474,20.0
6980,North Star Co,2003,2007,5,185,162,3,209,30,179,0,706.474,4.0
6980,North Star Co,2003,2008,6,191,168,3,209,30,179,0,706.474,6.0
6980,North Star Co,2003,2010,8,221,180,1,209,30,179,0,706.474,12.0
6980,North Star Co,2003,2011,9,270,259,1,209,30,179,0,706.474,79.0
6980,North Star Co,2004,2004,1,490,111,44,277,47,230,0,706.474,111.0
6980,North Star Co,2004,2005,2,476,135,16,277,47,230,0,706.474,24.0
6980,North Star Co,2004,2006,3,295,248,7,277,47,230,0,706.474,113.0
6980,North Star Co,2004,2007,4,288,275,8,277,47,230,0,706.474,27.0
6980,North Star Co,2004,2008,5,307,285,2,277,47,230,0,706.474,10.0
6980,North Star Co,2004,2009,6,351,345,1,277,47,230,0,706.474,60.0
6980,North Star Co,2004,2013,10,382,356,1,277,47,230,0,706.474,14.0
6980,North Star Co,2005,2005,1,351,133,31,320,53,267,0,706.474,133.0
6980,North Star Co,2005,2006,2,283,201,15,320,53,267,0,706.474,68.0
6980,North Star Co,2005,2007,3,335,295,13,320,53,267,0,706.474,94.0
6980,North Star Co,2005,2008,4,335,311,4,320,53,267,0,706.474,16.0
6980,North Star Co,2005,2014,10,320,312,1,320,53,267,0,706.474,1.0
6980,North Star Co,2006,2006,1,196,159,1,312,43,269,0,706.474,159.0
6980,North Star Co,2006,2007,2,396,196,29,312,43,269,0,706.474,37.0
6980,North Star Co,2006,2008,3,372,218,10,312,43,269,0,706.474,22.0
6980,North Star Co,2006,2009,4,380,294,7,312,43,269,0,706.474,76.0
6980,North Star Co,2006,2010,5,636,401,6,312,43,269,0,706.474,107.0
6980,North Star Co,2006,2011,6,449,417,3,312,43,269,0,706.474,16.0
6980,North Star Co,2007,2007,1,321,179,48,324,47,277,0,706.474,179.0
6980,North Star Co,2007,2008,2,355,230,16,324,47,277,0,706.474,51.0
6980,North Star Co,2007,2009,3,377,270,10,324,47,277,0,706.474,40.0
6980,North Star Co,2007,2010,4,382,287,9,324,47,277,0,706.474,17.0
6980,North Star Co,2007,2011,5,391,300,4,324,47,277,0,706.474,13.0
6980,North Star Co,2007,2012,6,389,340,3,324,47,277,0,706.474,40.0
6980,North Star Co,2007,2013,7,472,432,3,324,47,277,0,706.474,92.0
6459,Oregon Mut Grp,1998,1998,1,63,10,43,924,25,899,0,4505.465,10.0
6459,Oregon Mut Grp,1998,1999,2,163,16,96,924,25,899,0,4505.465,6.0
6459,Oregon Mut Grp,1998,2000,3,499,115,384,924,25,899,0,4505.465,99.0
6459,Oregon Mut Grp,1998,2001,4,401,128,271,924,25,899,0,4505.465,13.0
6459,Oregon Mut Grp,1998,2002,5,916,151,435,924,25,899,0,4505.465,23.0
6459,Oregon Mut Grp,1998,2003,6,506,394,113,924,25,899,0,4505.465,243.0
6459,Oregon Mut Grp,1998,2004,7,995,403,550,924,25,899,0,4505.465,9.0
6459,Oregon Mut Grp,1998,2006,9,743,492,247,924,25,899,0,4505.465,89.0
6459,Oregon Mut Grp,1998,2007,10,613,522,91,924,25,899,0,4505.465,30.0
6459,Oregon Mut Grp,1999,1999,1,162,2,150,890,26,864,0,4505.465,2.0
6459,Oregon Mut Grp,1999,2000,2,735,7,728,890,26,864,0,4505.465,5.0
6459,Oregon Mut Grp,1999,2001,3,306,28,247,890,26,864,0,4505.465,21.0
6459,Oregon Mut Grp,1999,2002,4,526,84,415,890,26,864,0,4505.465,56.0
6459,Oregon Mut Grp,1999,2003,5,621,284,217,890,26,864,0,4505.465,200.0
6459,Oregon Mut Grp,1999,2004,6,651,402,169,890,26,864,0,4505.465,118.0
6459,Oregon Mut Grp,1999,2005,7,591,474,108,890,26,864,0,4505.465,72.0
6459,Oregon Mut Grp,1999,2006,8,722,488,204,890,26,864,0,4505.465,14.0
6459,Oregon Mut Grp,1999,2007,9,676,545,131,890,26,864,0,4505.465,57.0
6459,Oregon Mut Grp,1999,2008,10,787,551,126,890,26,864,0,4505.465,6.0
6459,Oregon Mut Grp,2000,2000,1,716,20,687,924,23,901,0,4505.465,20.0
6459,Oregon Mut Grp,2000,2001,2,403,58,184,924,23,901,0,4505.465,38.0
6459,Oregon Mut Grp,2000,2002,3,624,153,346,924,23,901,0,4505.465,95.0
6459,Oregon Mut Grp,2000,2003,4,646,206,295,924,23,901,0,4505.465,53.0
6459,Oregon Mut Grp,2000,2004,5,1231,479,367,924,23,901,0,4505.465,273.0
6459,Oregon Mut Grp,2000,2005,6,1050,723,312,924,23,901,0,4505.465,244.0
6459,Oregon Mut Grp,2000,2006,7,1029,732,267,924,23,901,0,4505.465,9.0
6459,Oregon Mut Grp,2000,2007,8,949,739,190,924,23,901,0,4505.465,7.0
6459,Oregon Mut Grp,2000,2008,9,968,740,218,924,23,901,0,4505.465,1.0
6459,Oregon Mut Grp,2000,2009,10,855,755,101,924,23,901,0,4505.465,15.0
6459,Oregon Mut Grp,2001,2001,1,161,40,93,922,33,889,0,4505.465,40.0
6459,Oregon Mut Grp,2001,2002,2,448,86,330,922,33,889,0,4505.465,46.0
6459,Oregon Mut Grp,2001,2003,3,561,122,189,922,33,889,0,4505.465,36.0
6459,Oregon Mut Grp,2001,2004,4,674,441,208,922,33,889,0,4505.465,319.0
6459,Oregon Mut Grp,2001,2006,6,771,444,316,922,33,889,0,4505.465,3.0
6459,Oregon Mut Grp,2001,2007,7,690,456,198,922,33,889,0,4505.465,12.0
6459,Oregon Mut Grp,2001,2008,8,715,477,239,922,33,889,0,4505.465,21.0
6459,Oregon Mut Grp,2001,2010,10,559,490,64,922,33,889,0,4505.465,14.0
6459,Oregon Mut Grp,2002,2002,1,451,37,315,949,226,723,0,4505.465,37.0
6459,Oregon Mut Grp,2002,2003,2,546,157,228,949,226,723,0,4505.465,120.0
6459,Oregon Mut Grp,2002,2004,3,769,399,370,949,226,723,0,4505.465,242.0
6459,Oregon Mut Grp,2002,2005,4,810,418,357,949,226,723,0,4505.465,19.0
6459,Oregon Mut Grp,2002,2006,5,999,461,426,949,226,723,0,4505.465,43.0
6459,Oregon Mut Grp,2002,2007,6,914,602,311,949,226,723,0,4505.465,141.0
6459,Oregon Mut Grp,2002,2008,7,852,606,246,949,226,723,0,4505.465,4.0
6459,Oregon Mut Grp,2003,2003,1,208,2,204,1008,462,546,0,4505.465,2.0
6459,Oregon Mut Grp,2003,2004,2,317,8,306,1008,462,546,0,4505.465,6.0
6459,Oregon Mut Grp,2003,2005,3,209,14,184,1008,462,546,0,4505.465,6.0
6459,Oregon Mut Grp,2003,2006,4,279,33,246,1008,462,546,0,4505.465,19.0
6459,Oregon Mut Grp,2003,2010,8,154,35,119,1008,462,546,0,4505.465,2.0
6459,Oregon Mut Grp,2003,2012,10,136,41,77,1008,462,546,0,4505.465,6.0
6459,Oregon Mut Grp,2004,2004,1,510,58,433,1109,455,654,0,4505.465,58.0
6459,Oregon Mut Grp,2004,2005,2,803,81,497,1109,455,654,0,4505.465,23.0
6459,Oregon Mut Grp,2004,2006,3,1282,89,827,1109,455,654,0,4505.465,8.0
6459,Oregon Mut Grp,2004,2007,4,1409,453,956,1109,455,654,0,4505.465,364.0
6459,Oregon Mut Grp,2005,2005,1,486,29,450,1022,253,768,0,4505.465,29.0
6459,Oregon Mut Grp,2005,2006,2,507,54,448,1022,253,768,0,4505.465,25.0
6459,Oregon Mut Grp,2005,2007,3,637,73,543,1022,253,768,0,4505.465,19.0
6459,Oregon Mut Grp,2005,2008,4,565,139,404,1022,253,768,0,4505.465,66.0
6459,Oregon Mut Grp,2005,2009,5,757,477,279,1022,253,768,0,4505.465,338.0
6459,Oregon Mut Grp,2005,2010,6,717,479,229,1022,253,768,0,4505.465,2.0
6459,Oregon Mut Grp,2005,2011,7,656,491,156,1022,253,768,0,4505.465,12.0
6459,Oregon Mut Grp,2005,2013,9,630,514,78,1022,253,768,0,4505.465,23.0
6459,Oregon Mut Grp,2005,2014,10,618,591,27,1022,253,768,0,4505.465,77.0
6459,Oregon Mut Grp,2006,2006,1,475,1,465,944,86,858,0,4505.465,1.0
6459,Oregon Mut Grp,2006,2007,2,655,7,648,944,86,858,0,4505.465,6.0
6459,Oregon Mut Grp,2006,2008,3,323,16,297,944,86,858,0,4505.465,9.0
6459,Oregon Mut Grp,2006,2009,4,279,18,262,944,86,858,0,4505.465,2.0
6459,Oregon Mut Grp,2006,2012,7,172,20,152,944,86,858,0,4505.465,2.0
6459,Oregon Mut Grp,2007,2007,1,865,1,864,1026,33,993,0,4505.465,1.0
6459,Oregon Mut Grp,2007,2008,2,569,52,498,1026,33,993,0,4505.465,51.0
6459,Oregon Mut Grp,2007,2009,3,569,171,390,1026,33,993,0,4505.465,119.0
13439,Partners Mut Ins Co,2003,2003,1,58,3,46,305,4,301,1,0.0,3.0
13439,Partners Mut Ins Co,2003,2004,2,58,15,26,305,4,301,1,0.0,12.0
13439,Partners Mut Ins Co,2003,2005,3,63,27,17,305,4,301,1,0.0,12.0
13439,Partners Mut Ins Co,2003,2006,4,83,47,22,305,4,301,1,0.0,20.0
13439,Partners Mut Ins Co,2003,2007,5,100,64,22,305,4,301,1,0.0,17.0
13439,Partners Mut Ins Co,2003,2008,6,112,90,17,305,4,301,1,0.0,26.0
13439,Partners Mut Ins Co,2003,2009,7,120,96,16,305,4,301,1,0.0,6.0
13439,Partners Mut Ins Co,2003,2010,8,123,103,11,305,4,301,1,0.0,7.0
13439,Partners Mut Ins Co,2003,2011,9,123,106,6,305,4,301,1,0.0,3.0
13439,Partners Mut Ins Co,2003,2012,10,124,120,4,305,4,301,1,0.0,14.0
13439,Partners Mut Ins Co,2004,2004,1,97,14,51,347,4,343,1,0.0,14.0
13439,Partners Mut Ins Co,2004,2005,2,130,75,26,347,4,343,1,0.0,61.0
13439,Partners Mut Ins Co,2004,2006,3,160,95,29,347,4,343,1,0.0,20.0
13439,Partners Mut Ins Co,2004,2007,4,215,139,37,347,4,343,1,0.0,44.0
13439,Partners Mut Ins Co,2004,2008,5,261,201,33,347,4,343,1,0.0,62.0
13439,Partners Mut Ins Co,2004,2009,6,269,226,26,347,4,343,1,0.0,25.0
13439,Partners Mut Ins Co,2004,2010,7,326,285,24,347,4,343,1,0.0,59.0
13439,Partners Mut Ins Co,2004,2011,8,322,305,16,347,4,343,1,0.0,20.0
13439,Partners Mut Ins Co,2004,2012,9,318,308,8,347,4,343,1,0.0,3.0
13439,Partners Mut Ins Co,2004,2013,10,317,309,5,347,4,343,1,0.0,1.0
13439,Partners Mut Ins Co,2005,2005,1,100,19,67,407,5,402,1,0.0,19.0
13439,Partners Mut Ins Co,2005,2006,2,98,39,40,407,5,402,1,0.0,20.0
13439,Partners Mut Ins Co,2005,2007,3,138,62,44,407,5,402,1,0.0,23.0
13439,Partners Mut Ins Co,2005,2008,4,165,94,43,407,5,402,1,0.0,32.0
13439,Partners Mut Ins Co,2005,2009,5,178,138,30,407,5,402,1,0.0,44.0
13439,Partners Mut Ins Co,2005,2010,6,176,147,22,407,5,402,1,0.0,9.0
13439,Partners Mut Ins Co,2005,2011,7,176,152,18,407,5,402,1,0.0,5.0
13439,Partners Mut Ins Co,2005,2012,8,176,159,9,407,5,402,1,0.0,7.0
13439,Partners Mut Ins Co,2005,2013,9,190,180,5,407,5,402,1,0.0,21.0
13439,Partners Mut Ins Co,2005,2014,10,195,190,4,407,5,402,1,0.0,10.0
13439,Partners Mut Ins Co,2006,2006,1,115,14,83,411,6,405,1,0.0,14.0
13439,Partners Mut Ins Co,2006,2007,2,113,27,71,411,6,405,1,0.0,13.0
13439,Partners Mut Ins Co,2006,2008,3,119,35,63,411,6,405,1,0.0,8.0
13439,Partners Mut Ins Co,2006,2009,4,127,50,40,411,6,405,1,0.0,15.0
13439,Partners Mut Ins Co,2006,2010,5,128,78,32,411,6,405,1,0.0,28.0
13439,Partners Mut Ins Co,2006,2011,6,122,90,23,411,6,405,1,0.0,12.0
13439,Partners Mut Ins Co,2006,2012,7,116,98,12,411,6,405,1,0.0,8.0
13439,Partners Mut Ins Co,2006,2013,8,115,103,8,411,6,405,1,0.0,5.0
13439,Partners Mut Ins Co,2006,2014,9,124,111,7,411,6,405,1,0.0,8.0
13439,Partners Mut Ins Co,2006,2015,10,123,114,5,411,6,405,1,0.0,3.0
13439,Partners Mut Ins Co,2007,2007,1,163,13,136,412,7,404,1,0.0,13.0
13439,Partners Mut Ins Co,2007,2008,2,121,22,88,412,7,404,1,0.0,9.0
13439,Partners Mut Ins Co,2007,2009,3,117,37,63,412,7,404,1,0.0,15.0
13439,Partners Mut Ins Co,2007,2010,4,119,53,44,412,7,404,1,0.0,16.0
13439,Partners Mut Ins Co,2007,2011,5,127,71,34,412,7,404,1,0.0,18.0
13439,Partners Mut Ins Co,2007,2012,6,132,79,23,412,7,404,1,0.0,8.0
13439,Partners Mut Ins Co,2007,2013,7,138,102,17,412,7,404,1,0.0,23.0
13439,Partners Mut Ins Co,2007,2014,8,146,107,14,412,7,404,1,0.0,5.0
13439,Partners Mut Ins Co,2007,2015,9,151,112,9,412,7,404,1,0.0,5.0
13439,Partners Mut Ins Co,2007,2016,10,155,141,8,412,7,404,1,0.0,29.0
1252,Penn Miller Grp,1998,1998,1,381,100,201,1180,170,1010,0,3719.51,100.0
1252,Penn Miller Grp,1998,1999,2,439,143,129,1180,170,1010,0,3719.51,43.0
1252,Penn Miller Grp,1998,2000,3,264,169,50,1180,170,1010,0,3719.51,26.0
1252,Penn Miller Grp,1998,2002,5,396,351,25,1180,170,1010,0,3719.51,182.0
1252,Penn Miller Grp,1998,2003,6,421,373,1,1180,170,1010,0,3719.51,22.0
1252,Penn Miller Grp,1998,2004,7,502,491,0,1180,170,1010,0,3719.51,118.0
1252,Penn Miller Grp,1998,2005,8,494,494,0,1180,170,1010,0,3719.51,3.0
1252,Penn Miller Grp,1999,1999,1,449,113,152,1142,198,944,0,3719.51,113.0
1252,Penn Miller Grp,1999,2000,2,657,438,91,1142,198,944,0,3719.51,325.0
1252,Penn Miller Grp,1999,2001,3,731,619,29,1142,198,944,0,3719.51,181.0
1252,Penn Miller Grp,1999,2002,4,825,638,138,1142,198,944,0,3719.51,19.0
1252,Penn Miller Grp,1999,2003,5,720,660,1,1142,198,944,0,3719.51,22.0
1252,Penn Miller Grp,1999,2004,6,761,749,0,1142,198,944,0,3719.51,89.0
1252,Penn Miller Grp,1999,2005,7,754,754,0,1142,198,944,0,3719.51,5.0
1252,Penn Miller Grp,2000,2000,1,609,114,238,1092,188,904,0,3719.51,114.0
1252,Penn Miller Grp,2000,2001,2,528,295,22,1092,188,904,0,3719.51,181.0
1252,Penn Miller Grp,2000,2002,3,818,586,-22,1092,188,904,0,3719.51,291.0
1252,Penn Miller Grp,2000,2003,4,880,741,22,1092,188,904,0,3719.51,155.0
1252,Penn Miller Grp,2000,2004,5,881,822,21,1092,188,904,0,3719.51,81.0
1252,Penn Miller Grp,2000,2005,6,935,875,0,1092,188,904,0,3719.51,53.0
1252,Penn Miller Grp,2001,2001,1,672,217,185,1338,245,1093,0,3719.51,217.0
1252,Penn Miller Grp,2001,2002,2,725,477,138,1338,245,1093,0,3719.51,260.0
1252,Penn Miller Grp,2001,2003,3,541,498,34,1338,245,1093,0,3719.51,21.0
1252,Penn Miller Grp,2001,2004,4,591,527,38,1338,245,1093,0,3719.51,29.0
1252,Penn Miller Grp,2001,2005,5,536,536,0,1338,245,1093,0,3719.51,9.0
2712,Pennsylvania Natl Ins Grp,1998,1998,1,1302,215,837,9041,695,8346,0,25922.001,215.0
2712,Pennsylvania Natl Ins Grp,1998,1999,2,1596,421,897,9041,695,8346,0,25922.001,206.0
2712,Pennsylvania Natl Ins Grp,1998,2000,3,1651,558,688,9041,695,8346,0,25922.001,137.0
2712,Pennsylvania Natl Ins Grp,1998,2001,4,1605,940,432,9041,695,8346,0,25922.001,382.0
2712,Pennsylvania Natl Ins Grp,1998,2002,5,1810,1360,344,9041,695,8346,0,25922.001,420.0
2712,Pennsylvania Natl Ins Grp,1998,2003,6,1857,1444,234,9041,695,8346,0,25922.001,84.0
2712,Pennsylvania Natl Ins Grp,1998,2004,7,1923,1531,50,9041,695,8346,0,25922.001,87.0
2712,Pennsylvania Natl Ins Grp,1998,2005,8,2270,1760,28,9041,695,8346,0,25922.001,229.0
2712,Pennsylvania Natl Ins Grp,1998,2006,9,2656,2285,183,9041,695,8346,0,25922.001,525.0
2712,Pennsylvania Natl Ins Grp,1998,2007,10,2803,2467,204,9041,695,8346,0,25922.001,182.0
2712,Pennsylvania Natl Ins Grp,1999,1999,1,2020,144,1397,9582,445,9136,0,25922.001,144.0
2712,Pennsylvania Natl Ins Grp,1999,2000,2,1860,492,1102,9582,445,9136,0,25922.001,348.0
2712,Pennsylvania Natl Ins Grp,1999,2001,3,1804,813,755,9582,445,9136,0,25922.001,321.0
2712,Pennsylvania Natl Ins Grp,1999,2002,4,1876,1155,486,9582,445,9136,0,25922.001,342.0
2712,Pennsylvania Natl Ins Grp,1999,2003,5,2144,1492,464,9582,445,9136,0,25922.001,337.0
2712,Pennsylvania Natl Ins Grp,1999,2004,6,2492,1824,261,9582,445,9136,0,25922.001,332.0
2712,Pennsylvania Natl Ins Grp,1999,2005,7,2267,2088,45,9582,445,9136,0,25922.001,264.0
2712,Pennsylvania Natl Ins Grp,1999,2006,8,2656,2206,267,9582,445,9136,0,25922.001,118.0
2712,Pennsylvania Natl Ins Grp,1999,2007,9,3012,2648,301,9582,445,9136,0,25922.001,442.0
2712,Pennsylvania Natl Ins Grp,1999,2008,10,2984,2713,236,9582,445,9136,0,25922.001,65.0
2712,Pennsylvania Natl Ins Grp,2000,2000,1,1994,105,1672,11077,613,10464,0,25922.001,105.0
2712,Pennsylvania Natl Ins Grp,2000,2001,2,1850,265,1360,11077,613,10464,0,25922.001,160.0
2712,Pennsylvania Natl Ins Grp,2000,2002,3,1537,585,866,11077,613,10464,0,25922.001,320.0
2712,Pennsylvania Natl Ins Grp,2000,2003,4,1582,832,627,11077,613,10464,0,25922.001,247.0
2712,Pennsylvania Natl Ins Grp,2000,2004,5,1814,957,488,11077,613,10464,0,25922.001,125.0
2712,Pennsylvania Natl Ins Grp,2000,2005,6,1703,1438,212,11077,613,10464,0,25922.001,481.0
2712,Pennsylvania Natl Ins Grp,2000,2006,7,1940,1440,394,11077,613,10464,0,25922.001,2.0
2712,Pennsylvania Natl Ins Grp,2000,2007,8,2079,1533,444,11077,613,10464,0,25922.001,93.0
2712,Pennsylvania Natl Ins Grp,2000,2008,9,1998,1565,330,11077,613,10464,0,25922.001,32.0
2712,Pennsylvania Natl Ins Grp,2000,2009,10,2033,1612,255,11077,613,10464,0,25922.001,47.0
2712,Pennsylvania Natl Ins Grp,2001,2001,1,2134,108,1952,12801,244,12557,0,25922.001,108.0
2712,Pennsylvania Natl Ins Grp,2001,2002,2,1477,175,1205,12801,244,12557,0,25922.001,67.0
2712,Pennsylvania Natl Ins Grp,2001,2003,3,1555,410,1047,12801,244,12557,0,25922.001,235.0
2712,Pennsylvania Natl Ins Grp,2001,2004,4,1491,595,517,12801,244,12557,0,25922.001,185.0
2712,Pennsylvania Natl Ins Grp,2001,2005,5,1501,973,316,12801,244,12557,0,25922.001,378.0
2712,Pennsylvania Natl Ins Grp,2001,2006,6,1596,1039,427,12801,244,12557,0,25922.001,66.0
2712,Pennsylvania Natl Ins Grp,2001,2007,7,1777,1112,497,12801,244,12557,0,25922.001,73.0
2712,Pennsylvania Natl Ins Grp,2001,2008,8,1574,1203,342,12801,244,12557,0,25922.001,91.0
2712,Pennsylvania Natl Ins Grp,2001,2009,9,1493,1218,239,12801,244,12557,0,25922.001,15.0
2712,Pennsylvania Natl Ins Grp,2001,2010,10,1645,1266,244,12801,244,12557,0,25922.001,48.0
2712,Pennsylvania Natl Ins Grp,2002,2002,1,2433,56,2354,14731,141,14591,0,25922.001,56.0
2712,Pennsylvania Natl Ins Grp,2002,2003,2,2132,272,1680,14731,141,14591,0,25922.001,216.0
2712,Pennsylvania Natl Ins Grp,2002,2004,3,1995,549,1065,14731,141,14591,0,25922.001,277.0
2712,Pennsylvania Natl Ins Grp,2002,2005,4,1814,962,462,14731,141,14591,0,25922.001,413.0
2712,Pennsylvania Natl Ins Grp,2002,2006,5,2528,1675,591,14731,141,14591,0,25922.001,713.0
2712,Pennsylvania Natl Ins Grp,2002,2007,6,2835,1995,589,14731,141,14591,0,25922.001,320.0
2712,Pennsylvania Natl Ins Grp,2002,2008,7,3282,2237,518,14731,141,14591,0,25922.001,242.0
2712,Pennsylvania Natl Ins Grp,2002,2009,8,3480,2802,387,14731,141,14591,0,25922.001,565.0
2712,Pennsylvania Natl Ins Grp,2002,2010,9,3703,3213,268,14731,141,14591,0,25922.001,411.0
2712,Pennsylvania Natl Ins Grp,2002,2011,10,3881,3390,162,14731,141,14591,0,25922.001,177.0
2712,Pennsylvania Natl Ins Grp,2003,2003,1,2876,168,2316,15246,188,15058,0,25922.001,168.0
2712,Pennsylvania Natl Ins Grp,2003,2004,2,2893,732,1297,15246,188,15058,0,25922.001,564.0
2712,Pennsylvania Natl Ins Grp,2003,2005,3,3168,1336,869,15246,188,15058,0,25922.001,604.0
2712,Pennsylvania Natl Ins Grp,2003,2006,4,4171,2371,1111,15246,188,15058,0,25922.001,1035.0
2712,Pennsylvania Natl Ins Grp,2003,2007,5,4987,3221,1123,15246,188,15058,0,25922.001,850.0
2712,Pennsylvania Natl Ins Grp,2003,2008,6,5623,4515,863,15246,188,15058,0,25922.001,1294.0
2712,Pennsylvania Natl Ins Grp,2003,2009,7,5989,4791,805,15246,188,15058,0,25922.001,276.0
2712,Pennsylvania Natl Ins Grp,2003,2010,8,6161,5164,568,15246,188,15058,0,25922.001,373.0
2712,Pennsylvania Natl Ins Grp,2003,2011,9,6130,5289,308,15246,188,15058,0,25922.001,125.0
2712,Pennsylvania Natl Ins Grp,2003,2012,10,6214,6004,180,15246,188,15058,0,25922.001,715.0
2712,Pennsylvania Natl Ins Grp,2004,2004,1,4856,700,2528,17336,209,17127,0,25922.001,700.0
2712,Pennsylvania Natl Ins Grp,2004,2005,2,6499,3731,1305,17336,209,17127,0,25922.001,3031.0
2712,Pennsylvania Natl Ins Grp,2004,2006,3,7984,4746,1472,17336,209,17127,0,25922.001,1015.0
2712,Pennsylvania Natl Ins Grp,2004,2007,4,10736,6929,1840,17336,209,17127,0,25922.001,2183.0
2712,Pennsylvania Natl Ins Grp,2004,2008,5,13036,10069,1637,17336,209,17127,0,25922.001,3140.0
2712,Pennsylvania Natl Ins Grp,2004,2009,6,13430,11294,1318,17336,209,17127,0,25922.001,1225.0
2712,Pennsylvania Natl Ins Grp,2004,2010,7,16275,14227,1219,17336,209,17127,0,25922.001,2933.0
2712,Pennsylvania Natl Ins Grp,2004,2011,8,16113,15275,789,17336,209,17127,0,25922.001,1048.0
2712,Pennsylvania Natl Ins Grp,2004,2012,9,15884,15376,417,17336,209,17127,0,25922.001,101.0
2712,Pennsylvania Natl Ins Grp,2004,2013,10,15829,15465,234,17336,209,17127,0,25922.001,89.0
2712,Pennsylvania Natl Ins Grp,2005,2005,1,4998,967,3354,20346,263,20083,0,25922.001,967.0
2712,Pennsylvania Natl Ins Grp,2005,2006,2,4915,1947,1991,20346,263,20083,0,25922.001,980.0
2712,Pennsylvania Natl Ins Grp,2005,2007,3,6896,3107,2219,20346,263,20083,0,25922.001,1160.0
2712,Pennsylvania Natl Ins Grp,2005,2008,4,8245,4705,2171,20346,263,20083,0,25922.001,1598.0
2712,Pennsylvania Natl Ins Grp,2005,2009,5,8890,6918,1508,20346,263,20083,0,25922.001,2213.0
2712,Pennsylvania Natl Ins Grp,2005,2010,6,8823,7336,1109,20346,263,20083,0,25922.001,418.0
2712,Pennsylvania Natl Ins Grp,2005,2011,7,8816,7576,907,20346,263,20083,0,25922.001,240.0
2712,Pennsylvania Natl Ins Grp,2005,2012,8,8819,7969,432,20346,263,20083,0,25922.001,393.0
2712,Pennsylvania Natl Ins Grp,2005,2013,9,9505,9001,247,20346,263,20083,0,25922.001,1032.0
2712,Pennsylvania Natl Ins Grp,2005,2014,10,9737,9500,203,20346,263,20083,0,25922.001,499.0
2712,Pennsylvania Natl Ins Grp,2006,2006,1,5738,718,4173,20551,320,20231,0,25922.001,718.0
2712,Pennsylvania Natl Ins Grp,2006,2007,2,5639,1368,3560,20551,320,20231,0,25922.001,650.0
2712,Pennsylvania Natl Ins Grp,2006,2008,3,5957,1769,3145,20551,320,20231,0,25922.001,401.0
2712,Pennsylvania Natl Ins Grp,2006,2009,4,6349,2519,2015,20551,320,20231,0,25922.001,750.0
2712,Pennsylvania Natl Ins Grp,2006,2010,5,6405,3905,1606,20551,320,20231,0,25922.001,1386.0
2712,Pennsylvania Natl Ins Grp,2006,2011,6,6111,4496,1150,20551,320,20231,0,25922.001,591.0
2712,Pennsylvania Natl Ins Grp,2006,2012,7,5813,4908,617,20551,320,20231,0,25922.001,412.0
2712,Pennsylvania Natl Ins Grp,2006,2013,8,5769,5171,422,20551,320,20231,0,25922.001,263.0
2712,Pennsylvania Natl Ins Grp,2006,2014,9,6177,5544,352,20551,320,20231,0,25922.001,373.0
2712,Pennsylvania Natl Ins Grp,2006,2015,10,6147,5701,262,20551,320,20231,0,25922.001,157.0
2712,Pennsylvania Natl Ins Grp,2007,2007,1,8130,655,6798,20581,375,20207,0,25922.001,655.0
2712,Pennsylvania Natl Ins Grp,2007,2008,2,6058,1106,4395,20581,375,20207,0,25922.001,451.0
2712,Pennsylvania Natl Ins Grp,2007,2009,3,5861,1847,3158,20581,375,20207,0,25922.001,741.0
2712,Pennsylvania Natl Ins Grp,2007,2010,4,5955,2656,2207,20581,375,20207,0,25922.001,809.0
2712,Pennsylvania Natl Ins Grp,2007,2011,5,6363,3532,1681,20581,375,20207,0,25922.001,876.0
2712,Pennsylvania Natl Ins Grp,2007,2012,6,6589,3958,1137,20581,375,20207,0,25922.001,426.0
2712,Pennsylvania Natl Ins Grp,2007,2013,7,6893,5084,833,20581,375,20207,0,25922.001,1126.0
2712,Pennsylvania Natl Ins Grp,2007,2014,8,7300,5333,688,20581,375,20207,0,25922.001,249.0
2712,Pennsylvania Natl Ins Grp,2007,2015,9,7551,5586,450,20581,375,20207,0,25922.001,253.0
2712,Pennsylvania Natl Ins Grp,2007,2016,10,7733,7060,414,20581,375,20207,0,25922.001,1474.0
7838,RLI Ins Co Grp,1998,1998,1,3787,49,3542,7941,2727,5214,0,27549.277,49.0
7838,RLI Ins Co Grp,1998,1999,2,787,133,551,7941,2727,5214,0,27549.277,84.0
7838,RLI Ins Co Grp,1998,2000,3,2006,219,1711,7941,2727,5214,0,27549.277,86.0
7838,RLI Ins Co Grp,1998,2001,4,2134,387,1550,7941,2727,5214,0,27549.277,168.0
7838,RLI Ins Co Grp,1998,2002,5,1233,454,623,7941,2727,5214,0,27549.277,67.0
7838,RLI Ins Co Grp,1998,2003,6,1081,699,342,7941,2727,5214,0,27549.277,245.0
7838,RLI Ins Co Grp,1998,2004,7,931,734,55,7941,2727,5214,0,27549.277,35.0
7838,RLI Ins Co Grp,1998,2005,8,1058,808,36,7941,2727,5214,0,27549.277,74.0
7838,RLI Ins Co Grp,1998,2006,9,1154,895,10,7941,2727,5214,0,27549.277,87.0
7838,RLI Ins Co Grp,1998,2007,10,1110,958,37,7941,2727,5214,0,27549.277,63.0
7838,RLI Ins Co Grp,1999,1999,1,3177,41,2846,8309,1199,7110,0,27549.277,41.0
7838,RLI Ins Co Grp,1999,2000,2,2121,313,1457,8309,1199,7110,0,27549.277,272.0
7838,RLI Ins Co Grp,1999,2001,3,1989,415,1254,8309,1199,7110,0,27549.277,102.0
7838,RLI Ins Co Grp,1999,2002,4,1327,724,339,8309,1199,7110,0,27549.277,309.0
7838,RLI Ins Co Grp,1999,2003,5,1871,922,564,8309,1199,7110,0,27549.277,198.0
7838,RLI Ins Co Grp,1999,2004,6,2034,1068,701,8309,1199,7110,0,27549.277,146.0
7838,RLI Ins Co Grp,1999,2005,7,2140,1127,717,8309,1199,7110,0,27549.277,59.0
7838,RLI Ins Co Grp,1999,2006,8,3065,1324,726,8309,1199,7110,0,27549.277,197.0
7838,RLI Ins Co Grp,1999,2007,9,3859,1498,683,8309,1199,7110,0,27549.277,174.0
7838,RLI Ins Co Grp,1999,2008,10,3578,1980,521,8309,1199,7110,0,27549.277,482.0
7838,RLI Ins Co Grp,2000,2000,1,1016,3,994,9468,1345,8123,0,27549.277,3.0
7838,RLI Ins Co Grp,2000,2001,2,1065,10,896,9468,1345,8123,0,27549.277,7.0
7838,RLI Ins Co Grp,2000,2002,3,2810,102,1725,9468,1345,8123,0,27549.277,92.0
7838,RLI Ins Co Grp,2000,2003,4,2505,1328,834,9468,1345,8123,0,27549.277,1226.0
7838,RLI Ins Co Grp,2000,2004,5,2936,1705,879,9468,1345,8123,0,27549.277,377.0
7838,RLI Ins Co Grp,2000,2005,6,2977,1766,976,9468,1345,8123,0,27549.277,61.0
7838,RLI Ins Co Grp,2000,2006,7,3092,2038,954,9468,1345,8123,0,27549.277,272.0
7838,RLI Ins Co Grp,2000,2007,8,3090,2121,952,9468,1345,8123,0,27549.277,83.0
7838,RLI Ins Co Grp,2000,2008,9,2513,2132,346,9468,1345,8123,0,27549.277,11.0
7838,RLI Ins Co Grp,2000,2009,10,2523,2136,232,9468,1345,8123,0,27549.277,4.0
7838,RLI Ins Co Grp,2001,2001,1,4171,42,3674,10143,1746,8397,0,27549.277,42.0
7838,RLI Ins Co Grp,2001,2002,2,3587,121,2705,10143,1746,8397,0,27549.277,79.0
7838,RLI Ins Co Grp,2001,2003,3,2511,460,1156,10143,1746,8397,0,27549.277,339.0
7838,RLI Ins Co Grp,2001,2004,4,2425,752,437,10143,1746,8397,0,27549.277,292.0
7838,RLI Ins Co Grp,2001,2005,5,2940,1507,727,10143,1746,8397,0,27549.277,755.0
7838,RLI Ins Co Grp,2001,2006,6,3205,1863,850,10143,1746,8397,0,27549.277,356.0
7838,RLI Ins Co Grp,2001,2007,7,3535,2054,981,10143,1746,8397,0,27549.277,191.0
7838,RLI Ins Co Grp,2001,2008,8,3000,2064,664,10143,1746,8397,0,27549.277,10.0
7838,RLI Ins Co Grp,2001,2009,9,2827,2069,488,10143,1746,8397,0,27549.277,5.0
7838,RLI Ins Co Grp,2001,2010,10,2377,2079,294,10143,1746,8397,0,27549.277,10.0
7838,RLI Ins Co Grp,2002,2003,2,4978,222,4178,14606,4156,10450,0,27549.277,235.0
7838,RLI Ins Co Grp,2002,2004,3,3101,534,1710,14606,4156,10450,0,27549.277,312.0
7838,RLI Ins Co Grp,2002,2005,4,2235,978,769,14606,4156,10450,0,27549.277,444.0
7838,RLI Ins Co Grp,2002,2006,5,2891,1069,1643,14606,4156,10450,0,27549.277,91.0
7838,RLI Ins Co Grp,2002,2007,6,2508,1156,1096,14606,4156,10450,0,27549.277,87.0
7838,RLI Ins Co Grp,2002,2008,7,2060,1330,692,14606,4156,10450,0,27549.277,174.0
7838,RLI Ins Co Grp,2002,2009,8,1795,1351,435,14606,4156,10450,0,27549.277,21.0
7838,RLI Ins Co Grp,2003,2003,1,10585,261,9757,20832,4973,15859,0,27549.277,261.0
7838,RLI Ins Co Grp,2003,2004,2,11745,1306,8491,20832,4973,15859,0,27549.277,1045.0
7838,RLI Ins Co Grp,2003,2005,3,7682,2708,3415,20832,4973,15859,0,27549.277,1402.0
7838,RLI Ins Co Grp,2003,2006,4,7010,3846,1978,20832,4973,15859,0,27549.277,1138.0
7838,RLI Ins Co Grp,2003,2007,5,6683,4024,1143,20832,4973,15859,0,27549.277,178.0
7838,RLI Ins Co Grp,2003,2008,6,6482,4791,777,20832,4973,15859,0,27549.277,767.0
7838,RLI Ins Co Grp,2003,2010,8,5512,4866,297,20832,4973,15859,0,27549.277,99.0
7838,RLI Ins Co Grp,2003,2011,9,5339,5170,150,20832,4973,15859,0,27549.277,304.0
7838,RLI Ins Co Grp,2003,2012,10,5206,5173,20,20832,4973,15859,0,27549.277,3.0
7838,RLI Ins Co Grp,2004,2004,1,12079,506,10886,22884,5308,17576,0,27549.277,506.0
7838,RLI Ins Co Grp,2004,2005,2,9510,760,7330,22884,5308,17576,0,27549.277,254.0
7838,RLI Ins Co Grp,2004,2006,3,7687,2372,4069,22884,5308,17576,0,27549.277,1612.0
7838,RLI Ins Co Grp,2004,2007,4,6610,3507,2163,22884,5308,17576,0,27549.277,1135.0
7838,RLI Ins Co Grp,2004,2008,5,5396,3956,1256,22884,5308,17576,0,27549.277,449.0
7838,RLI Ins Co Grp,2004,2009,6,4774,4060,693,22884,5308,17576,0,27549.277,104.0
7838,RLI Ins Co Grp,2004,2010,7,4485,4061,399,22884,5308,17576,0,27549.277,1.0
7838,RLI Ins Co Grp,2004,2011,8,4773,4121,263,22884,5308,17576,0,27549.277,60.0
7838,RLI Ins Co Grp,2004,2012,9,4613,4564,36,22884,5308,17576,0,27549.277,443.0
7838,RLI Ins Co Grp,2004,2013,10,4587,4565,22,22884,5308,17576,0,27549.277,1.0
7838,RLI Ins Co Grp,2005,2005,1,9222,154,8324,18320,4523,13797,0,27549.277,154.0
7838,RLI Ins Co Grp,2005,2006,2,7229,728,5103,18320,4523,13797,0,27549.277,574.0
7838,RLI Ins Co Grp,2005,2007,3,5908,1718,2868,18320,4523,13797,0,27549.277,990.0
7838,RLI Ins Co Grp,2005,2008,4,5285,3007,1647,18320,4523,13797,0,27549.277,1289.0
7838,RLI Ins Co Grp,2005,2009,5,4460,3194,992,18320,4523,13797,0,27549.277,187.0
7838,RLI Ins Co Grp,2005,2010,6,3894,3225,382,18320,4523,13797,0,27549.277,31.0
7838,RLI Ins Co Grp,2005,2011,7,3736,3252,209,18320,4523,13797,0,27549.277,27.0
7838,RLI Ins Co Grp,2005,2012,8,4125,3347,112,18320,4523,13797,0,27549.277,95.0
7838,RLI Ins Co Grp,2005,2013,9,3943,3476,50,18320,4523,13797,0,27549.277,129.0
7838,RLI Ins Co Grp,2005,2014,10,3956,3894,62,18320,4523,13797,0,27549.277,418.0
7838,RLI Ins Co Grp,2006,2006,1,5819,41,5717,12757,3131,9626,0,27549.277,41.0
7838,RLI Ins Co Grp,2006,2007,2,5079,205,3349,12757,3131,9626,0,27549.277,164.0
7838,RLI Ins Co Grp,2006,2008,3,3916,1640,2257,12757,3131,9626,0,27549.277,1435.0
7838,RLI Ins Co Grp,2006,2009,4,3249,1661,1581,12757,3131,9626,0,27549.277,21.0
7838,RLI Ins Co Grp,2006,2011,6,2091,1662,415,12757,3131,9626,0,27549.277,1.0
7838,RLI Ins Co Grp,2006,2012,7,1975,1665,297,12757,3131,9626,0,27549.277,3.0
7838,RLI Ins Co Grp,2006,2013,8,1910,1667,243,12757,3131,9626,0,27549.277,2.0
7838,RLI Ins Co Grp,2007,2007,1,4305,29,4234,10117,2527,7590,0,27549.277,29.0
7838,RLI Ins Co Grp,2007,2008,2,3595,56,3490,10117,2527,7590,0,27549.277,27.0
7838,RLI Ins Co Grp,2007,2009,3,2220,77,2143,10117,2527,7590,0,27549.277,21.0
7838,RLI Ins Co Grp,2007,2010,4,1233,90,1143,10117,2527,7590,0,27549.277,13.0
7838,RLI Ins Co Grp,2007,2011,5,641,91,531,10117,2527,7590,0,27549.277,1.0
7838,RLI Ins Co Grp,2007,2012,6,139,99,14,10117,2527,7590,0,27549.277,8.0
7838,RLI Ins Co Grp,2007,2013,7,125,101,24,10117,2527,7590,0,27549.277,2.0
38300,Samsung Fire & Marine Ins Co Ltd,1998,1998,1,624,19,466,1780,889,891,1,8298.647,19.0
38300,Samsung Fire & Marine Ins Co Ltd,1998,1999,2,668,98,462,1780,889,891,1,8298.647,79.0
38300,Samsung Fire & Marine Ins Co Ltd,1998,2001,4,659,231,428,1780,889,891,1,8298.647,146.0
38300,Samsung Fire & Marine Ins Co Ltd,1998,2002,5,589,254,335,1780,889,891,1,8298.647,23.0
38300,Samsung Fire & Marine Ins Co Ltd,1998,2004,7,348,243,105,1780,889,891,1,8298.647,1.0
38300,Samsung Fire & Marine Ins Co Ltd,1999,1999,1,847,21,792,2613,1403,1210,1,8298.647,21.0
38300,Samsung Fire & Marine Ins Co Ltd,1999,2000,2,847,82,640,2613,1403,1210,1,8298.647,61.0
38300,Samsung Fire & Marine Ins Co Ltd,1999,2001,3,1158,188,545,2613,1403,1210,1,8298.647,106.0
38300,Samsung Fire & Marine Ins Co Ltd,1999,2002,4,1120,319,440,2613,1403,1210,1,8298.647,131.0
38300,Samsung Fire & Marine Ins Co Ltd,1999,2003,5,1120,458,391,2613,1403,1210,1,8298.647,139.0
38300,Samsung Fire & Marine Ins Co Ltd,1999,2004,6,1102,475,315,2613,1403,1210,1,8298.647,17.0
38300,Samsung Fire & Marine Ins Co Ltd,1999,2008,10,890,454,35,2613,1403,1210,1,8298.647,32.0
38300,Samsung Fire & Marine Ins Co Ltd,2000,2000,1,1237,46,858,3326,1559,1767,1,8298.647,46.0
38300,Samsung Fire & Marine Ins Co Ltd,2000,2001,2,1485,82,1265,3326,1559,1767,1,8298.647,36.0
38300,Samsung Fire & Marine Ins Co Ltd,2000,2002,3,1516,130,1046,3326,1559,1767,1,8298.647,48.0
38300,Samsung Fire & Marine Ins Co Ltd,2000,2003,4,1225,262,704,3326,1559,1767,1,8298.647,132.0
38300,Samsung Fire & Marine Ins Co Ltd,2000,2004,5,926,376,555,3326,1559,1767,1,8298.647,114.0
38300,Samsung Fire & Marine Ins Co Ltd,2000,2007,8,510,337,173,3326,1559,1767,1,8298.647,1.0
38300,Samsung Fire & Marine Ins Co Ltd,2000,2008,9,929,809,120,3326,1559,1767,1,8298.647,472.0
38300,Samsung Fire & Marine Ins Co Ltd,2000,2009,10,1073,977,96,3326,1559,1767,1,8298.647,168.0
38300,Samsung Fire & Marine Ins Co Ltd,2001,2001,1,2088,18,1979,5331,2741,2590,1,8298.647,18.0
38300,Samsung Fire & Marine Ins Co Ltd,2001,2002,2,1813,207,1488,5331,2741,2590,1,8298.647,189.0
38300,Samsung Fire & Marine Ins Co Ltd,2001,2003,3,1785,235,1282,5331,2741,2590,1,8298.647,28.0
38300,Samsung Fire & Marine Ins Co Ltd,2001,2004,4,1659,303,1196,5331,2741,2590,1,8298.647,68.0
38300,Samsung Fire & Marine Ins Co Ltd,2001,2005,5,1560,580,789,5331,2741,2590,1,8298.647,277.0
38300,Samsung Fire & Marine Ins Co Ltd,2001,2006,6,1001,690,311,5331,2741,2590,1,8298.647,110.0
38300,Samsung Fire & Marine Ins Co Ltd,2001,2007,7,1078,692,386,5331,2741,2590,1,8298.647,2.0
38300,Samsung Fire & Marine Ins Co Ltd,2001,2008,8,1049,758,291,5331,2741,2590,1,8298.647,66.0
38300,Samsung Fire & Marine Ins Co Ltd,2001,2009,9,966,790,176,5331,2741,2590,1,8298.647,32.0
38300,Samsung Fire & Marine Ins Co Ltd,2001,2010,10,811,791,20,5331,2741,2590,1,8298.647,1.0
38300,Samsung Fire & Marine Ins Co Ltd,2002,2002,1,1782,49,1497,4618,2075,2543,1,8298.647,49.0
38300,Samsung Fire & Marine Ins Co Ltd,2002,2003,2,1670,109,1228,4618,2075,2543,1,8298.647,60.0
38300,Samsung Fire & Marine Ins Co Ltd,2002,2004,3,1652,147,1218,4618,2075,2543,1,8298.647,38.0
38300,Samsung Fire & Marine Ins Co Ltd,2002,2005,4,1053,248,781,4618,2075,2543,1,8298.647,101.0
38300,Samsung Fire & Marine Ins Co Ltd,2002,2006,5,713,269,420,4618,2075,2543,1,8298.647,21.0
38300,Samsung Fire & Marine Ins Co Ltd,2002,2007,6,792,302,490,4618,2075,2543,1,8298.647,33.0
38300,Samsung Fire & Marine Ins Co Ltd,2002,2008,7,771,378,393,4618,2075,2543,1,8298.647,76.0
38300,Samsung Fire & Marine Ins Co Ltd,2002,2009,8,645,402,243,4618,2075,2543,1,8298.647,24.0
38300,Samsung Fire & Marine Ins Co Ltd,2003,2003,1,1493,62,1233,4201,1904,2297,1,8298.647,62.0
38300,Samsung Fire & Marine Ins Co Ltd,2003,2004,2,1469,273,974,4201,1904,2297,1,8298.647,211.0
38300,Samsung Fire & Marine Ins Co Ltd,2003,2005,3,1088,427,579,4201,1904,2297,1,8298.647,154.0
38300,Samsung Fire & Marine Ins Co Ltd,2003,2006,4,1056,528,486,4201,1904,2297,1,8298.647,101.0
38300,Samsung Fire & Marine Ins Co Ltd,2003,2007,5,1284,714,570,4201,1904,2297,1,8298.647,186.0
38300,Samsung Fire & Marine Ins Co Ltd,2003,2008,6,1241,751,490,4201,1904,2297,1,8298.647,37.0
38300,Samsung Fire & Marine Ins Co Ltd,2004,2004,1,1248,144,459,3892,1976,1916,1,8298.647,144.0
38300,Samsung Fire & Marine Ins Co Ltd,2004,2005,2,1994,702,492,3892,1976,1916,1,8298.647,558.0
38300,Samsung Fire & Marine Ins Co Ltd,2004,2006,3,2376,957,714,3892,1976,1916,1,8298.647,255.0
38300,Samsung Fire & Marine Ins Co Ltd,2004,2007,4,2162,1399,734,3892,1976,1916,1,8298.647,442.0
38300,Samsung Fire & Marine Ins Co Ltd,2004,2008,5,2703,1845,626,3892,1976,1916,1,8298.647,446.0
38300,Samsung Fire & Marine Ins Co Ltd,2004,2009,6,2425,1976,449,3892,1976,1916,1,8298.647,131.0
38300,Samsung Fire & Marine Ins Co Ltd,2005,2005,1,1538,220,518,3407,1672,1735,1,8298.647,220.0
38300,Samsung Fire & Marine Ins Co Ltd,2005,2006,2,2677,1070,771,3407,1672,1735,1,8298.647,850.0
38300,Samsung Fire & Marine Ins Co Ltd,2005,2007,3,2741,1426,860,3407,1672,1735,1,8298.647,356.0
38300,Samsung Fire & Marine Ins Co Ltd,2005,2008,4,3094,2020,807,3407,1672,1735,1,8298.647,594.0
38300,Samsung Fire & Marine Ins Co Ltd,2005,2009,5,2764,2171,593,3407,1672,1735,1,8298.647,151.0
38300,Samsung Fire & Marine Ins Co Ltd,2006,2006,1,2145,510,955,3808,1839,1969,1,8298.647,510.0
38300,Samsung Fire & Marine Ins Co Ltd,2006,2007,2,2721,1198,1029,3808,1839,1969,1,8298.647,688.0
38300,Samsung Fire & Marine Ins Co Ltd,2006,2008,3,3024,1733,1371,3808,1839,1969,1,8298.647,535.0
38300,Samsung Fire & Marine Ins Co Ltd,2006,2010,5,2752,1994,745,3808,1839,1969,1,8298.647,290.0
38300,Samsung Fire & Marine Ins Co Ltd,2006,2011,6,2206,2004,189,3808,1839,1969,1,8298.647,10.0
38300,Samsung Fire & Marine Ins Co Ltd,2006,2013,8,2025,2007,18,3808,1839,1969,1,8298.647,3.0
38300,Samsung Fire & Marine Ins Co Ltd,2007,2007,1,3393,711,1183,3989,1990,1999,1,8298.647,711.0
38300,Samsung Fire & Marine Ins Co Ltd,2007,2008,2,3548,1968,1850,3989,1990,1999,1,8298.647,1257.0
38300,Samsung Fire & Marine Ins Co Ltd,2007,2010,4,2681,1589,1092,3989,1990,1999,1,8298.647,88.0
38300,Samsung Fire & Marine Ins Co Ltd,2007,2011,5,1619,1591,28,3989,1990,1999,1,8298.647,2.0
7498,Scor Reins Co Grp,1998,1998,1,1566,63,124,1624,-355,1979,0,658.523,63.0
7498,Scor Reins Co Grp,1998,1999,2,2349,876,112,1624,-355,1979,0,658.523,813.0
7498,Scor Reins Co Grp,1998,2000,3,3483,1669,1247,1624,-355,1979,0,658.523,793.0
7498,Scor Reins Co Grp,1998,2001,4,5391,2566,1208,1624,-355,1979,0,658.523,897.0
7498,Scor Reins Co Grp,1998,2002,5,5606,3201,1243,1624,-355,1979,0,658.523,635.0
7498,Scor Reins Co Grp,1998,2003,6,5395,3437,722,1624,-355,1979,0,658.523,236.0
7498,Scor Reins Co Grp,1998,2004,7,4863,3527,45,1624,-355,1979,0,658.523,90.0
7498,Scor Reins Co Grp,1998,2005,8,5037,3782,238,1624,-355,1979,0,658.523,255.0
7498,Scor Reins Co Grp,1998,2006,9,5804,5619,101,1624,-355,1979,0,658.523,1837.0
7498,Scor Reins Co Grp,1999,1999,1,1616,29,1454,1072,71,1001,0,658.523,29.0
7498,Scor Reins Co Grp,1999,2000,2,910,158,544,1072,71,1001,0,658.523,129.0
7498,Scor Reins Co Grp,1999,2001,3,1804,789,888,1072,71,1001,0,658.523,631.0
7498,Scor Reins Co Grp,1999,2002,4,2161,1205,815,1072,71,1001,0,658.523,416.0
7498,Scor Reins Co Grp,1999,2003,5,1604,1409,90,1072,71,1001,0,658.523,204.0
7498,Scor Reins Co Grp,1999,2004,6,1566,1474,67,1072,71,1001,0,658.523,65.0
7498,Scor Reins Co Grp,1999,2005,7,1610,1478,107,1072,71,1001,0,658.523,4.0
7498,Scor Reins Co Grp,1999,2006,8,1648,1533,115,1072,71,1001,0,658.523,55.0
7498,Scor Reins Co Grp,2000,2000,1,299,7,251,1696,1273,423,0,658.523,7.0
7498,Scor Reins Co Grp,2000,2001,2,275,57,186,1696,1273,423,0,658.523,50.0
7498,Scor Reins Co Grp,2000,2002,3,416,108,255,1696,1273,423,0,658.523,51.0
7498,Scor Reins Co Grp,2000,2003,4,196,157,38,1696,1273,423,0,658.523,49.0
7498,Scor Reins Co Grp,2000,2004,5,191,163,3,1696,1273,423,0,658.523,6.0
7498,Scor Reins Co Grp,2000,2005,6,172,178,-31,1696,1273,423,0,658.523,15.0
7498,Scor Reins Co Grp,2000,2006,7,288,180,2,1696,1273,423,0,658.523,2.0
7498,Scor Reins Co Grp,2000,2007,8,260,183,15,1696,1273,423,0,658.523,3.0
7498,Scor Reins Co Grp,2000,2008,9,360,240,53,1696,1273,423,0,658.523,57.0
7498,Scor Reins Co Grp,2000,2009,10,313,244,51,1696,1273,423,0,658.523,4.0
7498,Scor Reins Co Grp,2001,2001,1,1552,46,1452,4228,2956,1272,0,658.523,46.0
7498,Scor Reins Co Grp,2001,2002,2,1573,110,1249,4228,2956,1272,0,658.523,64.0
7498,Scor Reins Co Grp,2001,2003,3,1472,296,971,4228,2956,1272,0,658.523,186.0
7498,Scor Reins Co Grp,2001,2004,4,870,509,28,4228,2956,1272,0,658.523,213.0
7498,Scor Reins Co Grp,2001,2005,5,1124,1148,-59,4228,2956,1272,0,658.523,639.0
7498,Scor Reins Co Grp,2001,2007,7,1304,1143,23,4228,2956,1272,0,658.523,4.0
7498,Scor Reins Co Grp,2001,2008,8,1433,1197,58,4228,2956,1272,0,658.523,54.0
7498,Scor Reins Co Grp,2001,2009,9,1264,1202,40,4228,2956,1272,0,658.523,5.0
7498,Scor Reins Co Grp,2001,2010,10,1275,1208,48,4228,2956,1272,0,658.523,6.0
7498,Scor Reins Co Grp,2002,2003,2,55,3,44,10022,3200,6822,0,658.523,3.0
7498,Scor Reins Co Grp,2002,2004,3,75,8,32,10022,3200,6822,0,658.523,5.0
7498,Scor Reins Co Grp,2002,2005,4,59,43,2,10022,3200,6822,0,658.523,35.0
7498,Scor Reins Co Grp,2002,2006,5,54,45,9,10022,3200,6822,0,658.523,2.0
7498,Scor Reins Co Grp,2002,2009,8,46,46,0,10022,3200,6822,0,658.523,1.0
7498,Scor Reins Co Grp,2002,2011,10,714,714,0,10022,3200,6822,0,658.523,668.0
7498,Scor Reins Co Grp,2003,2003,1,488,27,303,2447,665,1782,0,658.523,27.0
7498,Scor Reins Co Grp,2003,2004,2,261,32,205,2447,665,1782,0,658.523,5.0
7498,Scor Reins Co Grp,2003,2005,3,288,92,165,2447,665,1782,0,658.523,60.0
7498,Scor Reins Co Grp,2003,2006,4,238,100,132,2447,665,1782,0,658.523,8.0
7498,Scor Reins Co Grp,2003,2007,5,247,104,131,2447,665,1782,0,658.523,4.0
7498,Scor Reins Co Grp,2003,2008,6,363,115,249,2447,665,1782,0,658.523,11.0
35408,Sirius Amer Ins Co,1998,1998,1,137,78,53,761,494,267,1,99.909,78.0
35408,Sirius Amer Ins Co,1998,1999,2,394,394,0,761,494,267,1,99.909,316.0
35408,Sirius Amer Ins Co,1999,1999,1,16,16,0,179,116,63,1,99.909,16.0
35408,Sirius Amer Ins Co,1999,2000,2,56,56,0,179,116,63,1,99.909,40.0
35408,Sirius Amer Ins Co,2001,2003,3,30,3,0,95,95,0,1,99.909,3.0
35408,Sirius Amer Ins Co,2001,2005,5,16,6,0,95,95,0,1,99.909,3.0
35408,Sirius Amer Ins Co,2002,2002,1,4,4,0,172,114,58,1,99.909,4.0
35408,Sirius Amer Ins Co,2003,2003,1,85,12,73,167,14,153,1,99.909,12.0
35408,Sirius Amer Ins Co,2003,2011,9,71,17,0,167,14,153,1,99.909,5.0
35408,Sirius Amer Ins Co,2003,2012,10,68,39,0,167,14,153,1,99.909,22.0
35408,Sirius Amer Ins Co,2004,2005,2,97,1,96,192,14,178,1,99.909,1.0
35408,Sirius Amer Ins Co,2004,2011,8,64,5,3,192,14,178,1,99.909,4.0
35408,Sirius Amer Ins Co,2004,2012,9,42,16,2,192,14,178,1,99.909,11.0
35408,Sirius Amer Ins Co,2004,2013,10,75,19,15,192,14,178,1,99.909,3.0
35408,Sirius Amer Ins Co,2005,2005,1,91,3,84,168,8,160,1,99.909,3.0
35408,Sirius Amer Ins Co,2005,2010,6,55,5,1,168,8,160,1,99.909,2.0
35408,Sirius Amer Ins Co,2005,2011,7,75,19,2,168,8,160,1,99.909,14.0
35408,Sirius Amer Ins Co,2005,2012,8,52,45,2,168,8,160,1,99.909,26.0
35408,Sirius Amer Ins Co,2005,2013,9,67,49,6,168,8,160,1,99.909,4.0
35408,Sirius Amer Ins Co,2005,2014,10,217,76,0,168,8,160,1,99.909,27.0
35408,Sirius Amer Ins Co,2006,2011,6,4,2,3,129,0,129,1,99.909,2.0
35408,Sirius Amer Ins Co,2006,2012,7,109,16,7,129,0,129,1,99.909,14.0
35408,Sirius Amer Ins Co,2006,2013,8,154,92,20,129,0,129,1,99.909,76.0
35408,Sirius Amer Ins Co,2006,2014,9,278,278,0,129,0,129,1,99.909,186.0
35408,Sirius Amer Ins Co,2006,2015,10,624,424,0,129,0,129,1,99.909,146.0
35408,Sirius Amer Ins Co,2007,2011,5,9,-1,10,178,12,166,1,99.909,1.0
35408,Sirius Amer Ins Co,2007,2012,6,0,0,0,178,12,166,1,99.909,1.0
35408,Sirius Amer Ins Co,2007,2013,7,15,6,0,178,12,166,1,99.909,6.0
35408,Sirius Amer Ins Co,2007,2015,9,128,37,0,178,12,166,1,99.909,45.0
35408,Sirius Amer Ins Co,2007,2016,10,219,128,13,178,12,166,1,99.909,91.0
2003,United Services Automobile Asn Grp,1998,1998,1,273,22,127,2626,1334,1292,0,1206.629,22.0
2003,United Services Automobile Asn Grp,1998,1999,2,719,67,242,2626,1334,1292,0,1206.629,45.0
2003,United Services Automobile Asn Grp,1998,2000,3,1066,337,205,2626,1334,1292,0,1206.629,270.0
2003,United Services Automobile Asn Grp,1998,2001,4,897,466,61,2626,1334,1292,0,1206.629,129.0
2003,United Services Automobile Asn Grp,1998,2002,5,954,728,86,2626,1334,1292,0,1206.629,262.0
2003,United Services Automobile Asn Grp,1998,2003,6,996,819,64,2626,1334,1292,0,1206.629,91.0
2003,United Services Automobile Asn Grp,1998,2004,7,978,847,57,2626,1334,1292,0,1206.629,28.0
2003,United Services Automobile Asn Grp,1998,2005,8,1003,884,38,2626,1334,1292,0,1206.629,37.0
2003,United Services Automobile Asn Grp,1998,2006,9,1001,914,28,2626,1334,1292,0,1206.629,30.0
2003,United Services Automobile Asn Grp,1998,2007,10,955,923,12,2626,1334,1292,0,1206.629,9.0
2003,United Services Automobile Asn Grp,1999,1999,1,252,16,154,2402,1273,1129,0,1206.629,16.0
2003,United Services Automobile Asn Grp,1999,2000,2,621,70,262,2402,1273,1129,0,1206.629,54.0
2003,United Services Automobile Asn Grp,1999,2001,3,606,157,146,2402,1273,1129,0,1206.629,87.0
2003,United Services Automobile Asn Grp,1999,2002,4,768,240,213,2402,1273,1129,0,1206.629,83.0
2003,United Services Automobile Asn Grp,1999,2003,5,1232,362,152,2402,1273,1129,0,1206.629,122.0
2003,United Services Automobile Asn Grp,1999,2004,6,1669,1187,100,2402,1273,1129,0,1206.629,825.0
2003,United Services Automobile Asn Grp,1999,2005,7,1527,1347,67,2402,1273,1129,0,1206.629,160.0
2003,United Services Automobile Asn Grp,1999,2006,8,1446,1357,49,2402,1273,1129,0,1206.629,10.0
2003,United Services Automobile Asn Grp,1999,2007,9,1421,1360,21,2402,1273,1129,0,1206.629,3.0
2003,United Services Automobile Asn Grp,1999,2008,10,1411,1367,11,2402,1273,1129,0,1206.629,7.0
2003,United Services Automobile Asn Grp,2000,2000,1,353,85,183,2213,1111,1102,0,1206.629,85.0
2003,United Services Automobile Asn Grp,2000,2001,2,590,146,275,2213,1111,1102,0,1206.629,61.0
2003,United Services Automobile Asn Grp,2000,2002,3,977,218,326,2213,1111,1102,0,1206.629,72.0
2003,United Services Automobile Asn Grp,2000,2003,4,1187,434,292,2213,1111,1102,0,1206.629,216.0
2003,United Services Automobile Asn Grp,2000,2004,5,1197,646,144,2213,1111,1102,0,1206.629,212.0
2003,United Services Automobile Asn Grp,2000,2005,6,1667,977,128,2213,1111,1102,0,1206.629,331.0
2003,United Services Automobile Asn Grp,2000,2006,7,1812,1254,91,2213,1111,1102,0,1206.629,277.0
2003,United Services Automobile Asn Grp,2000,2007,8,1789,1469,37,2213,1111,1102,0,1206.629,215.0
2003,United Services Automobile Asn Grp,2000,2009,10,1618,1417,16,2213,1111,1102,0,1206.629,2.0
2003,United Services Automobile Asn Grp,2001,2001,1,458,14,353,2580,1290,1290,0,1206.629,14.0
2003,United Services Automobile Asn Grp,2001,2002,2,644,77,343,2580,1290,1290,0,1206.629,63.0
2003,United Services Automobile Asn Grp,2001,2003,3,1172,167,414,2580,1290,1290,0,1206.629,90.0
2003,United Services Automobile Asn Grp,2001,2004,4,2055,1021,339,2580,1290,1290,0,1206.629,854.0
2003,United Services Automobile Asn Grp,2001,2005,5,2051,1481,266,2580,1290,1290,0,1206.629,460.0
2003,United Services Automobile Asn Grp,2001,2006,6,2064,1525,187,2580,1290,1290,0,1206.629,44.0
2003,United Services Automobile Asn Grp,2001,2007,7,1887,1672,114,2580,1290,1290,0,1206.629,147.0
2003,United Services Automobile Asn Grp,2001,2008,8,1918,1681,77,2580,1290,1290,0,1206.629,9.0
2003,United Services Automobile Asn Grp,2001,2009,9,1778,1696,44,2580,1290,1290,0,1206.629,15.0
2003,United Services Automobile Asn Grp,2001,2010,10,1759,1700,15,2580,1290,1290,0,1206.629,4.0
2003,United Services Automobile Asn Grp,2002,2002,1,330,14,113,2064,1001,1063,0,1206.629,14.0
2003,United Services Automobile Asn Grp,2002,2003,2,533,38,244,2064,1001,1063,0,1206.629,24.0
2003,United Services Automobile Asn Grp,2002,2004,3,764,193,308,2064,1001,1063,0,1206.629,155.0
2003,United Services Automobile Asn Grp,2002,2005,4,671,243,220,2064,1001,1063,0,1206.629,50.0
2003,United Services Automobile Asn Grp,2002,2006,5,680,271,153,2064,1001,1063,0,1206.629,28.0
2003,United Services Automobile Asn Grp,2002,2007,6,626,367,86,2064,1001,1063,0,1206.629,96.0
2003,United Services Automobile Asn Grp,2002,2008,7,600,382,56,2064,1001,1063,0,1206.629,15.0
2003,United Services Automobile Asn Grp,2002,2009,8,530,411,42,2064,1001,1063,0,1206.629,29.0
2003,United Services Automobile Asn Grp,2002,2010,9,441,435,4,2064,1001,1063,0,1206.629,24.0
2003,United Services Automobile Asn Grp,2002,2011,10,444,436,4,2064,1001,1063,0,1206.629,1.0
715,West Bend Mut Ins Grp,1998,1998,1,1637,76,973,3294,131,3163,0,15996.952,76.0
715,West Bend Mut Ins Grp,1998,1999,2,1510,174,543,3294,131,3163,0,15996.952,98.0
715,West Bend Mut Ins Grp,1998,2000,3,1872,1286,277,3294,131,3163,0,15996.952,1112.0
715,West Bend Mut Ins Grp,1998,2001,4,1863,1482,202,3294,131,3163,0,15996.952,196.0
715,West Bend Mut Ins Grp,1998,2002,5,1815,1488,101,3294,131,3163,0,15996.952,6.0
715,West Bend Mut Ins Grp,1998,2003,6,1871,1695,202,3294,131,3163,0,15996.952,207.0
715,West Bend Mut Ins Grp,1998,2004,7,1783,1703,105,3294,131,3163,0,15996.952,8.0
715,West Bend Mut Ins Grp,1999,1999,1,1236,95,929,3259,134,3125,0,15996.952,95.0
715,West Bend Mut Ins Grp,1999,2000,2,1030,140,489,3259,134,3125,0,15996.952,45.0
715,West Bend Mut Ins Grp,1999,2001,3,1150,246,337,3259,134,3125,0,15996.952,106.0
715,West Bend Mut Ins Grp,1999,2002,4,1553,368,640,3259,134,3125,0,15996.952,122.0
715,West Bend Mut Ins Grp,1999,2003,5,1329,763,253,3259,134,3125,0,15996.952,395.0
715,West Bend Mut Ins Grp,1999,2004,6,1971,834,609,3259,134,3125,0,15996.952,71.0
715,West Bend Mut Ins Grp,1999,2005,7,1319,1239,-52,3259,134,3125,0,15996.952,405.0
715,West Bend Mut Ins Grp,1999,2006,8,1367,1270,23,3259,134,3125,0,15996.952,31.0
715,West Bend Mut Ins Grp,1999,2007,9,1273,1271,2,3259,134,3125,0,15996.952,1.0
715,West Bend Mut Ins Grp,2000,2000,1,1192,150,903,4011,167,3845,0,15996.952,150.0
715,West Bend Mut Ins Grp,2000,2001,2,1021,246,533,4011,167,3845,0,15996.952,96.0
715,West Bend Mut Ins Grp,2000,2002,3,1226,272,503,4011,167,3845,0,15996.952,26.0
715,West Bend Mut Ins Grp,2000,2003,4,1152,864,340,4011,167,3845,0,15996.952,592.0
715,West Bend Mut Ins Grp,2000,2004,5,1347,893,494,4011,167,3845,0,15996.952,29.0
715,West Bend Mut Ins Grp,2000,2005,6,1037,962,89,4011,167,3845,0,15996.952,69.0
715,West Bend Mut Ins Grp,2000,2006,7,986,970,24,4011,167,3845,0,15996.952,8.0
715,West Bend Mut Ins Grp,2000,2007,8,962,972,-7,4011,167,3845,0,15996.952,2.0
715,West Bend Mut Ins Grp,2000,2009,10,997,957,40,4011,167,3845,0,15996.952,9.0
11126,Yasuda Fire & Marine Ins Co Of Amer,1998,1998,1,1610,11,1510,2314,1101,1213,1,11889.827,11.0
11126,Yasuda Fire & Marine Ins Co Of Amer,1998,1999,2,1093,30,905,2314,1101,1213,1,11889.827,19.0
11126,Yasuda Fire & Marine Ins Co Of Amer,1998,2000,3,790,105,543,2314,1101,1213,1,11889.827,75.0
11126,Yasuda Fire & Marine Ins Co Of Amer,1998,2001,4,740,165,254,2314,1101,1213,1,11889.827,60.0
11126,Yasuda Fire & Marine Ins Co Of Amer,1998,2002,5,883,367,213,2314,1101,1213,1,11889.827,202.0
11126,Yasuda Fire & Marine Ins Co Of Amer,1998,2003,6,669,370,6,2314,1101,1213,1,11889.827,3.0
11126,Yasuda Fire & Marine Ins Co Of Amer,1998,2004,7,841,387,200,2314,1101,1213,1,11889.827,17.0
11126,Yasuda Fire & Marine Ins Co Of Amer,1998,2005,8,877,664,127,2314,1101,1213,1,11889.827,277.0
11126,Yasuda Fire & Marine Ins Co Of Amer,1998,2006,9,1565,1522,43,2314,1101,1213,1,11889.827,858.0
11126,Yasuda Fire & Marine Ins Co Of Amer,1998,2007,10,1845,1813,32,2314,1101,1213,1,11889.827,291.0
11126,Yasuda Fire & Marine Ins Co Of Amer,1999,1999,1,1632,1,1585,3930,3656,273,1,11889.827,1.0
11126,Yasuda Fire & Marine Ins Co Of Amer,1999,2000,2,1699,133,1430,3930,3656,273,1,11889.827,132.0
11126,Yasuda Fire & Marine Ins Co Of Amer,1999,2001,3,531,264,207,3930,3656,273,1,11889.827,131.0
11126,Yasuda Fire & Marine Ins Co Of Amer,1999,2003,5,652,212,420,3930,3656,273,1,11889.827,39.0
11126,Yasuda Fire & Marine Ins Co Of Amer,1999,2004,6,605,226,379,3930,3656,273,1,11889.827,14.0
11126,Yasuda Fire & Marine Ins Co Of Amer,1999,2005,7,518,267,251,3930,3656,273,1,11889.827,41.0
11126,Yasuda Fire & Marine Ins Co Of Amer,1999,2006,8,326,269,57,3930,3656,273,1,11889.827,2.0
11126,Yasuda Fire & Marine Ins Co Of Amer,1999,2007,9,485,329,52,3930,3656,273,1,11889.827,60.0
11126,Yasuda Fire & Marine Ins Co Of Amer,1999,2008,10,492,355,43,3930,3656,273,1,11889.827,26.0
11126,Yasuda Fire & Marine Ins Co Of Amer,2000,2000,1,2492,5,2475,2208,1961,247,1,11889.827,5.0
11126,Yasuda Fire & Marine Ins Co Of Amer,2000,2001,2,620,116,487,2208,1961,247,1,11889.827,111.0
11126,Yasuda Fire & Marine Ins Co Of Amer,2000,2003,4,417,37,370,2208,1961,247,1,11889.827,122.0
11126,Yasuda Fire & Marine Ins Co Of Amer,2000,2004,5,904,55,809,2208,1961,247,1,11889.827,18.0
11126,Yasuda Fire & Marine Ins Co Of Amer,2000,2005,6,626,287,239,2208,1961,247,1,11889.827,232.0
11126,Yasuda Fire & Marine Ins Co Of Amer,2000,2006,7,473,295,84,2208,1961,247,1,11889.827,8.0
11126,Yasuda Fire & Marine Ins Co Of Amer,2000,2007,8,481,338,65,2208,1961,247,1,11889.827,43.0
11126,Yasuda Fire & Marine Ins Co Of Amer,2000,2008,9,993,725,59,2208,1961,247,1,11889.827,387.0
11126,Yasuda Fire & Marine Ins Co Of Amer,2000,2009,10,965,762,13,2208,1961,247,1,11889.827,37.0
11126,Yasuda Fire & Marine Ins Co Of Amer,2001,2001,1,2745,4,2701,2298,2084,214,1,11889.827,4.0
11126,Yasuda Fire & Marine Ins Co Of Amer,2001,2003,3,402,-1,28,2298,2084,214,1,11889.827,7.0
11126,Yasuda Fire & Marine Ins Co Of Amer,2001,2004,4,967,244,724,2298,2084,214,1,11889.827,245.0
11126,Yasuda Fire & Marine Ins Co Of Amer,2001,2005,5,1138,248,890,2298,2084,214,1,11889.827,4.0
11126,Yasuda Fire & Marine Ins Co Of Amer,2001,2007,7,-934,-1279,161,2298,2084,214,1,11889.827,333.0
11126,Yasuda Fire & Marine Ins Co Of Amer,2001,2008,8,-35,-773,39,2298,2084,214,1,11889.827,506.0
11126,Yasuda Fire & Marine Ins Co Of Amer,2001,2010,10,765,404,361,2298,2084,214,1,11889.827,1437.0
11126,Yasuda Fire & Marine Ins Co Of Amer,2002,2003,2,375,274,36,1016,865,150,1,11889.827,274.0
11126,Yasuda Fire & Marine Ins Co Of Amer,2002,2006,5,3346,2095,1251,1016,865,150,1,11889.827,1860.0
11126,Yasuda Fire & Marine Ins Co Of Amer,2002,2007,6,2656,2370,286,1016,865,150,1,11889.827,275.0
11126,Yasuda Fire & Marine Ins Co Of Amer,2002,2008,7,2636,2371,30,1016,865,150,1,11889.827,1.0
11126,Yasuda Fire & Marine Ins Co Of Amer,2002,2009,8,2642,2388,68,1016,865,150,1,11889.827,17.0
11126,Yasuda Fire & Marine Ins Co Of Amer,2002,2010,9,3071,3071,0,1016,865,150,1,11889.827,683.0
11126,Yasuda Fire & Marine Ins Co Of Amer,2003,2005,3,542,36,506,3016,2336,680,1,11889.827,36.0
11126,Yasuda Fire & Marine Ins Co Of Amer,2003,2007,5,2112,39,1758,3016,2336,680,1,11889.827,3.0
11126,Yasuda Fire & Marine Ins Co Of Amer,2003,2008,6,524,48,226,3016,2336,680,1,11889.827,9.0
11126,Yasuda Fire & Marine Ins Co Of Amer,2003,2009,7,298,67,46,3016,2336,680,1,11889.827,19.0
11126,Yasuda Fire & Marine Ins Co Of Amer,2003,2010,8,1745,1709,35,3016,2336,680,1,11889.827,1642.0
11126,Yasuda Fire & Marine Ins Co Of Amer,2004,2004,1,1262,3,1235,5788,4264,1524,1,11889.827,3.0
11126,Yasuda Fire & Marine Ins Co Of Amer,2004,2005,2,808,128,680,5788,4264,1524,1,11889.827,125.0
11126,Yasuda Fire & Marine Ins Co Of Amer,2004,2007,4,5255,2837,1327,5788,4264,1524,1,11889.827,2709.0
11126,Yasuda Fire & Marine Ins Co Of Amer,2004,2009,6,3454,2423,326,5788,4264,1524,1,11889.827,370.0
11126,Yasuda Fire & Marine Ins Co Of Amer,2004,2010,7,3871,3056,139,5788,4264,1524,1,11889.827,633.0
11126,Yasuda Fire & Marine Ins Co Of Amer,2004,2011,8,3769,3418,266,5788,4264,1524,1,11889.827,362.0
11126,Yasuda Fire & Marine Ins Co Of Amer,2004,2012,9,3607,3435,134,5788,4264,1524,1,11889.827,17.0
11126,Yasuda Fire & Marine Ins Co Of Amer,2005,2005,1,2027,79,1901,4535,1162,3372,1,11889.827,79.0
11126,Yasuda Fire & Marine Ins Co Of Amer,2005,2006,2,1271,90,884,4535,1162,3372,1,11889.827,11.0
11126,Yasuda Fire & Marine Ins Co Of Amer,2005,2007,3,2140,555,1074,4535,1162,3372,1,11889.827,465.0
11126,Yasuda Fire & Marine Ins Co Of Amer,2005,2008,4,2534,690,1067,4535,1162,3372,1,11889.827,135.0
11126,Yasuda Fire & Marine Ins Co Of Amer,2005,2009,5,2335,993,1004,4535,1162,3372,1,11889.827,303.0
11126,Yasuda Fire & Marine Ins Co Of Amer,2005,2010,6,1196,996,84,4535,1162,3372,1,11889.827,3.0
11126,Yasuda Fire & Marine Ins Co Of Amer,2005,2011,7,1523,1237,273,4535,1162,3372,1,11889.827,241.0
11126,Yasuda Fire & Marine Ins Co Of Amer,2005,2013,9,1294,1199,96,4535,1162,3372,1,11889.827,15.0
11126,Yasuda Fire & Marine Ins Co Of Amer,2006,2006,1,2299,15,2266,8088,5066,3022,1,11889.827,15.0
11126,Yasuda Fire & Marine Ins Co Of Amer,2006,2007,2,1804,559,870,8088,5066,3022,1,11889.827,544.0
11126,Yasuda Fire & Marine Ins Co Of Amer,2006,2008,3,3074,1365,996,8088,5066,3022,1,11889.827,806.0
11126,Yasuda Fire & Marine Ins Co Of Amer,2006,2009,4,5486,1408,1251,8088,5066,3022,1,11889.827,43.0
11126,Yasuda Fire & Marine Ins Co Of Amer,2006,2010,5,5533,3455,1031,8088,5066,3022,1,11889.827,2047.0
11126,Yasuda Fire & Marine Ins Co Of Amer,2006,2011,6,5016,4199,670,8088,5066,3022,1,11889.827,744.0
11126,Yasuda Fire & Marine Ins Co Of Amer,2006,2013,8,4331,4136,180,8088,5066,3022,1,11889.827,34.0
11126,Yasuda Fire & Marine Ins Co Of Amer,2006,2014,9,4354,4145,208,8088,5066,3022,1,11889.827,9.0
11126,Yasuda Fire & Marine Ins Co Of Amer,2007,2007,1,3597,210,2333,16693,10635,6058,1,11889.827,210.0
11126,Yasuda Fire & Marine Ins Co Of Amer,2007,2008,2,1699,427,928,16693,10635,6058,1,11889.827,217.0
11126,Yasuda Fire & Marine Ins Co Of Amer,2007,2009,3,1239,469,402,16693,10635,6058,1,11889.827,42.0
11126,Yasuda Fire & Marine Ins Co Of Amer,2007,2010,4,2038,1096,662,16693,10635,6058,1,11889.827,627.0
11126,Yasuda Fire & Marine Ins Co Of Amer,2007,2011,5,1982,1301,650,16693,10635,6058,1,11889.827,205.0
11126,Yasuda Fire & Marine Ins Co Of Amer,2007,2012,6,1699,1351,298,16693,10635,6058,1,11889.827,50.0
11126,Yasuda Fire & Marine Ins Co Of Amer,2007,2013,7,1636,1392,170,16693,10635,6058,1,11889.827,41.0
11126,Yasuda Fire & Marine Ins Co Of Amer,2007,2014,8,1793,1441,352,16693,10635,6058,1,11889.827,49.0
11126,Yasuda Fire & Marine Ins Co Of Amer,2007,2015,9,1629,1464,166,16693,10635,6058,1,11889.827,23.0
